index	duration	f0_median	f0_mean	f0_sd	f0_mean_absolute_slope	f0_minimum	f0_maximum	pulses_number	periods_number	period_mean	period_sd	unvoiced_frames_percent	breaks_number	breaks_degree	jitter_local	jitter_absolute	jitter_rap	jitter_ppq5	jitter_ddp	shimmer_local	shimmer_db	shimmer_apq3	shimmer_apq5	shimmer_apq11	shimmer_dda	mean_autocorrelation	mean_noise_to_harmonics_ratio	mean_harmonics_to_noise_ratio	intensity_mean	intensity_sd
far_from_the_madding_crowd_01_-_description_of_farmer_oak--an_incident_His Christian name was Gabriel, and on working days he was a young man of sound judgment, easy motions, proper dress, and general good character.	9.64000	180.74300	189.38800	43.94500	475.98816	134.48600	506.36300	960	917	0.00535	0.00087	0.4095200	27	0.4500800	0.0224000	0.000119860000000	0.0101900	0.0092500	0.0305800	0.0847800	0.8340000	0.0344200	0.0474400	0.0779300	0.1032600	0.9148710	0.1232550	14.7920000	63.385	9.225
far_from_the_madding_crowd_01_-_description_of_farmer_oak--an_incident_On Sundays he was a man of misty views, rather given to postponing, and hampered by his best clothes and umbrella: upon the whole, one who felt himself to occupy morally that vast middle space of Laodicean neutrality which lay between the Communion people of the parish and the drunken section, , that is, he went to church, but yawned privately by the time the con- gegation reached the Nicene creed,- and thought of what there would be for dinner when he meant to be listening to the sermon.	27.40000	177.24700	181.23700	32.47200	486.24704	101.66600	490.18400	3060	2952	0.00556	0.00079	0.3350700	77	0.3954700	0.0288100	0.000160079000000	0.0132700	0.0137700	0.0398200	0.0950000	0.9250000	0.0397500	0.0542800	0.0883800	0.1192500	0.9078150	0.1327060	13.5760000	64.902	8.460
far_from_the_madding_crowd_01_-_description_of_farmer_oak--an_incident_Or, to state his character as it stood in the scale of public opinion, when his friends and critics were in tantrums, he was considered rather a bad man; when they were pleased, he was rather a good man; when they were neither, he was a man whose moral colour was a kind of pepper-and-salt mixture.	16.56000	179.81900	184.65100	36.88800	541.04644	104.78600	500.33600	1804	1747	0.00545	0.00084	0.3824900	44	0.3301000	0.0260200	0.000141722000000	0.0115400	0.0121200	0.0346100	0.0936600	0.9170000	0.0371600	0.0524000	0.0904200	0.1114700	0.9114580	0.1245140	13.8910000	64.278	9.545
far_from_the_madding_crowd_01_-_description_of_farmer_oak--an_incident_Since he lived six times as many working-days as Sundays, Oak's appearance in his old clothes was most peculiarly his own , the mental picture formed by his neighbours in imagining him being always dressed in that way.	12.32000	180.29800	186.21800	32.36000	499.87204	106.06700	492.47500	1404	1359	0.00540	0.00079	0.3453300	31	0.3198800	0.0248000	0.000133857000000	0.0111900	0.0115400	0.0335800	0.0878100	0.8500000	0.0333200	0.0479500	0.0844100	0.0999500	0.9078470	0.1365060	13.9110000	65.034	8.928
far_from_the_madding_crowd_01_-_description_of_farmer_oak--an_incident_He wore a low-crowned felt hat, spread out at the base by tight jamming upon the head for security in high winds, and a coat like Dr. Johnson's; his lower extremities being encased in ordinary leather leggings and boots emphatically large, affording to each foot a roomy apartment so constructed that any wearer might stand in a river all day long and know nothing of damp , their maker being a conscientious man who endeavoured to compensate for any weakness in his cut by unstinted dimension and solidity.	29.32000	178.97000	182.41400	31.61500	471.34856	103.26900	497.52100	3354	3263	0.00550	0.00079	0.3230900	76	0.3200000	0.0229800	0.000126434000000	0.0098000	0.0108000	0.0293900	0.0900100	0.8950000	0.0358500	0.0511500	0.0894200	0.1075400	0.9173050	0.1148360	14.0660000	64.820	8.974
far_from_the_madding_crowd_01_-_description_of_farmer_oak--an_incident_Mr. Oak carried about him, by way of watch,- what may be called a small silver clock; in other words, it was a watch as to shape and intention, and a small clock as to size.	10.08000	177.96500	184.23800	46.51600	644.01608	106.27900	497.31300	1044	1003	0.00545	0.00105	0.3750900	28	0.3563700	0.0251100	0.000136968000000	0.0097600	0.0115000	0.0292700	0.0975300	1.0070000	0.0378400	0.0540600	0.1020600	0.1135200	0.9018340	0.1381730	12.7950000	65.025	8.561
far_from_the_madding_crowd_01_-_description_of_farmer_oak--an_incident_This instrument being several years older than Oak's grandfather, had the peculiarity of going either too fast or not at all.	7.44000	171.91000	181.04200	29.69100	394.23970	110.35400	481.00000	812	793	0.00553	0.00080	0.3427700	17	0.3312200	0.0194600	0.000107657000000	0.0085700	0.0087300	0.0257000	0.0872400	0.8720000	0.0347000	0.0474000	0.0796400	0.1040900	0.9266950	0.1017170	14.9020000	65.217	8.771
far_from_the_madding_crowd_01_-_description_of_farmer_oak--an_incident_The smaller of its hands, too, occasionally slipped round on the pivot, and thus, though the minutes were told with precision, nobody could be quite certain of the hour they belonged to.	9.64000	176.11300	180.59200	25.72900	511.23759	109.59200	418.88200	988	958	0.00554	0.00071	0.3791000	26	0.3385400	0.0259200	0.000143676000000	0.0105900	0.0119700	0.0317700	0.0928200	0.8840000	0.0355400	0.0507700	0.0896500	0.1066100	0.9141820	0.1179230	13.7780000	64.738	9.487
far_from_the_madding_crowd_01_-_description_of_farmer_oak--an_incident_The stopping peculiarity of his watch Oak remedied by thumps and shakes, and he escaped any evil consequences from the other two defects by constant comparisons with and observations of the sun and stars, and by pressing his face close to the glass of his neighbours' windows, till he could discern the hour marked by the green-faced timekeepers within.	19.84000	177.96000	181.75300	37.06700	546.57428	100.62500	496.37700	2187	2107	0.00551	0.00100	0.3607100	66	0.4100600	0.0281100	0.000154923000000	0.0120500	0.0134100	0.0361600	0.1001200	1.0230000	0.0388700	0.0547900	0.0998500	0.1166000	0.8949340	0.1544950	13.0930000	64.938	8.668
far_from_the_madding_crowd_01_-_description_of_farmer_oak--an_incident_It may be mentioned that Oak's fob being difficult of access, by reason of its somewhat high situation in the waistband of his trousers (which also lay at a remote height under his waistcoat), the watch was as a necessity pulled out by throwing the body to one side, compressing the mouth and face to a mere mass of ruddy flesh on account of the exertion, and drawing up the watch by its chain, like a bucket from a well.	24.00000	177.64800	184.99600	38.73400	474.83180	107.26000	497.08400	2720	2632	0.00542	0.00088	0.3415700	66	0.3990700	0.0252500	0.000136846000000	0.0110700	0.0116900	0.0332200	0.0918200	0.9190000	0.0342400	0.0492500	0.0886500	0.1027200	0.9105110	0.1245330	13.8020000	65.416	8.547
far_from_the_madding_crowd_01_-_description_of_farmer_oak--an_incident_But some thoughtfull persons, who had seen him walking across one of his fields on a certain December morning , sunny and exceedingly mild , might have regarded Gabriel Oak in other aspects than these.	10.88000	178.33000	183.48600	36.08200	464.17474	100.98800	485.57600	1193	1152	0.00548	0.00085	0.3386300	31	0.4136800	0.0237800	0.000130398000000	0.0109800	0.0112800	0.0329400	0.1001100	1.0220000	0.0400700	0.0556200	0.1014900	0.1202100	0.9147230	0.1145160	13.9090000	65.216	7.273
far_from_the_madding_crowd_01_-_description_of_farmer_oak--an_incident_In his face one might notice that many of the hues and curves of youth had tarried on to manhood: there even remained in his remoter crannies some relics of the boy.	9.36000	183.12900	186.52800	34.22800	515.43643	101.11500	498.30200	1128	1094	0.00540	0.00073	0.3068300	25	0.2593000	0.0235600	0.000127227000000	0.0109100	0.0110300	0.0327300	0.0831700	0.8560000	0.0331400	0.0475100	0.0817600	0.0994100	0.9241130	0.1068900	15.2380000	65.936	8.276
far_from_the_madding_crowd_01_-_description_of_farmer_oak--an_incident_His height and breadth would have been sufficient to make his presence imposing, had they been exhibited with due consideration.	6.48000	174.27600	184.81200	44.12400	719.86686	128.87300	488.13900	705	673	0.00546	0.00097	0.3565600	21	0.3678000	0.0336300	0.000183544000000	0.0149500	0.0158900	0.0448500	0.1139700	1.1190000	0.0425700	0.0670400	0.1317900	0.1277100	0.8940550	0.1537250	12.4810000	65.290	7.797
far_from_the_madding_crowd_01_-_description_of_farmer_oak--an_incident_But there is a way some men have, rural and urban alike, for which the mind is more responsible than flesh and sinew: it is a way of curtail- ing their dimensions by their manner of showing them.	10.72000	180.22100	185.65100	38.42700	514.52878	111.26300	495.05900	1280	1244	0.00540	0.00088	0.3225800	28	0.2811900	0.0235400	0.000127235000000	0.0109400	0.0111300	0.0328300	0.0968100	1.0130000	0.0348600	0.0527400	0.1032600	0.1045800	0.9204880	0.1102050	14.6670000	65.427	8.527
far_from_the_madding_crowd_01_-_description_of_farmer_oak--an_incident_And from a quiet modesty that would have become a vestal which seemed continually to impress upon him that he had no great claim on the world's room, Oak walked unassumingly and with a faintly perceptible bend, yet distinct from a bowing of the shoulders.	13.84000	179.18900	183.56900	33.46300	490.71751	103.13200	490.06300	1601	1547	0.00548	0.00084	0.3132500	39	0.3799800	0.0273800	0.000149985000000	0.0125100	0.0126200	0.0375200	0.0986000	0.9470000	0.0403300	0.0570900	0.0920200	0.1209800	0.9136150	0.1216890	13.6620000	64.829	7.856
far_from_the_madding_crowd_01_-_description_of_farmer_oak--an_incident_This may be said to be a defect in an individual if he depends for his valuation more upon his appearance than upon his capacity to wear well, which Oak did not.	9.92000	170.20800	182.52800	48.67500	825.77846	102.91200	494.85500	1011	966	0.00552	0.00107	0.3821100	33	0.3091600	0.0333800	0.000184320000000	0.0149000	0.0153500	0.0447000	0.1090600	1.0610000	0.0448900	0.0594700	0.1094800	0.1346800	0.8926100	0.1472590	12.0260000	62.846	8.472
far_from_the_madding_crowd_01_-_description_of_farmer_oak--an_incident_He had just reached the time of life at which "young" is ceasing to be the prefix of "man" in speaking of one.	5.96000	180.61300	188.44200	49.86500	843.92756	100.58800	507.90400	701	668	0.00538	0.00117	0.3350200	24	0.3055200	0.0310500	0.000167173000000	0.0126500	0.0124200	0.0379500	0.1072400	1.0820000	0.0345700	0.0538300	0.1104000	0.1037000	0.8950430	0.1472100	12.6050000	65.044	7.645
far_from_the_madding_crowd_01_-_description_of_farmer_oak--an_incident_He was at the brightest period of masculine growth, for his intellect and his emotions were clearly separated: he had passed the time during which the influence of youth indiscriminately mingles them in the character of impulse, and he had not yet arrived at the stage wherein they become united again, in the character of prejudice, by the influence of a wife and family.	19.36000	176.55600	187.34200	50.44600	691.18480	112.85100	499.51900	2254	2159	0.00538	0.00104	0.3188500	61	0.3753500	0.0290000	0.000156119000000	0.0133500	0.0138800	0.0400500	0.0985600	0.9490000	0.0361300	0.0539900	0.1024000	0.1084000	0.9041400	0.1353560	13.3640000	65.352	8.496
far_from_the_madding_crowd_01_-_description_of_farmer_oak--an_incident_In short, he was twenty-eight, and a bachelor.	4.92000	173.87800	188.18800	47.38000	529.32512	151.86900	465.66700	256	244	0.00539	0.00090	0.6630900	7	0.2460800	0.0236100	0.000127339000000	0.0099900	0.0099000	0.0299700	0.0932000	0.9540000	0.0365100	0.0540100	0.1027700	0.1095400	0.9039180	0.1310400	13.1250000	58.897	8.884
far_from_the_madding_crowd_01_-_description_of_farmer_oak--an_incident_The field he was in this morning sloped to a ridge called Norcombe Hill.	4.24000	178.55700	197.88800	65.56600	711.39211	141.50900	499.42900	529	500	0.00513	0.00125	0.3113900	14	0.3440500	0.0229200	0.000117654000000	0.0096300	0.0107300	0.0288900	0.0841200	0.9410000	0.0309900	0.0453100	0.0888100	0.0929800	0.9173220	0.1161860	14.7970000	65.553	7.997
far_from_the_madding_crowd_01_-_description_of_farmer_oak--an_incident_Through a spur of this hill ran the highway between Emminster and Chalk- Newton.	5.04000	183.86500	193.71700	49.60900	634.63897	137.62600	498.57900	560	540	0.00517	0.00106	0.3931200	14	0.3604000	0.0247300	0.000127759000000	0.0110800	0.0127200	0.0332300	0.0915700	1.0340000	0.0334600	0.0461700	0.0931100	0.1003700	0.9171270	0.1129080	14.3260000	64.278	9.081
far_from_the_madding_crowd_01_-_description_of_farmer_oak--an_incident_Casually glancing over the hedge, Oak saw coming down the incline before him an ornamental spring waggon, painted yellow and gaily marked, drawn by two horses, a waggoner walking alongside bearing a whip perpendicularly.	13.60000	183.80900	186.94700	29.09400	434.03059	106.96000	471.22300	1655	1611	0.00537	0.00074	0.2950300	32	0.2961400	0.0224600	0.000120585000000	0.0101600	0.0098500	0.0304800	0.0938900	0.9030000	0.0352900	0.0544800	0.1069300	0.1058700	0.9217530	0.1096870	14.5270000	65.562	8.263
far_from_the_madding_crowd_01_-_description_of_farmer_oak--an_incident_The waggon was laden with household goods and window plants, and on the apex of the whole sat a woman,	5.16000	183.78700	185.86900	27.83500	463.69951	138.76000	497.77000	735	717	0.00540	0.00070	0.1970800	14	0.2415600	0.0220800	0.000119200000000	0.0107600	0.0109700	0.0322900	0.0920500	0.9710000	0.0334200	0.0494600	0.0984600	0.1002600	0.9262990	0.0993420	14.5940000	68.900	6.604
far_from_the_madding_crowd_01_-_description_of_farmer_oak--an_incident_young" and attractive.	1.84000	178.59800	195.03800	65.37200	358.94127	146.30400	444.17200	100	95	0.00517	0.00129	0.6033100	4	0.5288300	0.0343900	0.000177834000000	0.0166400	0.0187100	0.0499200	0.1098500	0.8980000	0.0452200	0.0730700	0.1135600	0.1356600	0.8904200	0.1449970	11.9070000	57.315	8.629
far_from_the_madding_crowd_01_-_description_of_farmer_oak--an_incident_Gabriel had not beheld the sight for more than half a minute, when the vehicle was brought to a standstill just beneath his eyes.	7.36000	187.11400	193.54800	39.15900	657.60105	127.72600	489.21300	808	782	0.00520	0.00079	0.3793500	16	0.2366200	0.0234500	0.000122031000000	0.0106500	0.0109300	0.0319500	0.0889000	0.9030000	0.0329400	0.0493800	0.0893900	0.0988100	0.9073750	0.1332760	14.0690000	65.270	9.169
far_from_the_madding_crowd_01_-_description_of_farmer_oak--an_incident_The tailboard of the waggon is gone, Miss.	2.04000	193.80000	195.99600	28.17700	397.17904	151.71500	271.93000	305	300	0.00510	0.00073	0.2044600	4	0.1133300	0.0160300	0.000081838000000	0.0067500	0.0079400	0.0202500	0.0974100	0.9430000	0.0335800	0.0549000	0.1041400	0.1007300	0.9430120	0.0752990	15.9480000	70.297	6.514
far_from_the_madding_crowd_01_-_description_of_farmer_oak--an_incident_said the waggoner.	2.16000	163.19600	185.26100	73.18100	354.75873	148.61500	488.11100	141	127	0.00563	0.00123	0.6070200	3	0.4661600	0.0324400	0.000182521000000	0.0166800	0.0152700	0.0500300	0.1692900	1.5070000	0.0788900	0.1011800	0.1630500	0.2366600	0.8691180	0.1740670	10.0380000	57.279	8.334
far_from_the_madding_crowd_01_-_description_of_farmer_oak--an_incident_Then I heard it fall.	0.96000	226.96600	233.70200	49.84100	1039.16347	162.87300	435.62200	188	181	0.00438	0.00075	0.1200000	2	0.1138100	0.0184100	0.000080665000000	0.0077300	0.0082200	0.0232000	0.0640900	0.6110000	0.0230500	0.0351100	0.0693900	0.0691500	0.9253610	0.1151640	16.2240000	71.955	7.985
far_from_the_madding_crowd_01_-_description_of_farmer_oak--an_incident_said the girl, in a soft, though not particularly low voice.	3.44000	169.78400	175.11200	29.75300	504.87148	102.74800	459.40500	357	341	0.00573	0.00070	0.3780200	12	0.4001600	0.0302900	0.000173443000000	0.0145500	0.0135000	0.0436400	0.1017400	0.9520000	0.0401100	0.0565900	0.1089300	0.1203300	0.8955480	0.1446610	12.4190000	65.433	8.074
far_from_the_madding_crowd_01_-_description_of_farmer_oak--an_incident_I heard a noise I could not account for when we were coming up the hill.	4.32000	184.30400	201.53000	63.23900	717.04648	111.23600	500.33100	510	489	0.00500	0.00116	0.3595100	11	0.4177700	0.0258100	0.000129107000000	0.0116100	0.0112600	0.0348400	0.0922900	0.9050000	0.0338600	0.0554900	0.1143600	0.1015900	0.9069200	0.1403870	13.8670000	65.599	8.687
far_from_the_madding_crowd_01_-_description_of_farmer_oak--an_incident_I'll run back.	1.68000	193.73600	203.41000	56.23900	492.00595	155.06600	494.27900	155	149	0.00499	0.00094	0.5067900	2	0.5421500	0.0170000	0.000084815000000	0.0086000	0.0070000	0.0258100	0.0801700	0.7460000	0.0305700	0.0440200	0.0884000	0.0917100	0.9317840	0.0937940	16.2710000	61.346	11.116
far_from_the_madding_crowd_01_-_description_of_farmer_oak--an_incident_Do.	0.32000	178.59800	186.38900	31.12100	397.68042	147.81600	227.07200	51	50	0.00538	0.00090	0.1025600	0	0	0.0164600	0.000088606000000	0.0057600	0.0069800	0.0172900	0.0491700	0.5790000	0.0173400	0.0250500	0.0428500	0.0520200	0.9545660	0.0632900	18.0830000	72.163	5.292
far_from_the_madding_crowd_01_-_description_of_farmer_oak--an_incident_she answered.	1.64000	161.81400	177.74900	67.66900	559.50844	104.00800	435.09300	92	87	0.00578	0.00152	0.5860500	2	0.4469200	0.0630000	0.000364068000000	0.0353300	0.0320700	0.1059800	0.1706600	1.4950000	0.0791500	0.0813800	0.1652200	0.2374400	0.7836990	0.3520890	7.3180000	56.254	7.072
far_from_the_madding_crowd_01_-_description_of_farmer_oak--an_incident_The sensible horses stood , perfectly still, and the waggoner's steps sank fainter and fainter in the distance.	6.96000	185.76700	195.13000	46.55200	634.63357	100.11900	482.68800	663	632	0.00515	0.00105	0.4713500	20	0.3181900	0.0265900	0.000136885000000	0.0113300	0.0122300	0.0339800	0.1027400	0.9790000	0.0339000	0.0544800	0.1099500	0.1017000	0.9017630	0.1433580	13.2380000	64.160	10.138
far_from_the_madding_crowd_01_-_description_of_farmer_oak--an_incident_The girl on the summit of the load sat motionless, surrounded by tables and chairs with their legs upwards, backed by an oak settle, and ornamented in front by pots of geraniums, myrtles, and cactuses, together with a caged canary , all probably from the windows of the house just vacated.	16.08000	180.36600	183.71500	33.93800	502.04277	105.75500	494.81900	1799	1731	0.00546	0.00081	0.3316200	50	0.3615700	0.0256800	0.000140106000000	0.0117700	0.0123100	0.0353200	0.0938200	0.9300000	0.0377400	0.0546200	0.0966300	0.1132100	0.9006540	0.1394060	13.2630000	65.804	8.402
far_from_the_madding_crowd_01_-_description_of_farmer_oak--an_incident_There was also a cat in a willow basket, from the partly-opened lid of which she gazed with half-closed eyes, and affectionately-surveyed the small birds around.	8.60000	175.50300	181.38500	26.69400	420.76269	124.47700	499.89400	878	848	0.00552	0.00070	0.3762000	25	0.3386300	0.0244800	0.000135169000000	0.0114200	0.0110500	0.0342600	0.0880900	0.9050000	0.0344000	0.0481400	0.0955000	0.1032100	0.9066790	0.1293570	13.1170000	64.806	8.836
far_from_the_madding_crowd_01_-_description_of_farmer_oak--an_incident_The handsome girl waited for some time idly in her place, and the only sound heard in the stillness was the hopping of the canary up-and down the perches of its prison.	8.76000	182.82400	191.03600	44.17000	654.07952	130.49300	466.99800	1102	1063	0.00526	0.00091	0.2841200	23	0.2844000	0.0231200	0.000121706000000	0.0095800	0.0110800	0.0287300	0.0875700	0.8470000	0.0336500	0.0494000	0.0922700	0.1009500	0.9143330	0.1189850	13.8510000	65.463	8.292
far_from_the_madding_crowd_01_-_description_of_farmer_oak--an_incident_Then she looked attentively downwards.	2.40000	192.21700	195.59000	42.74200	579.27819	136.62500	485.83500	235	225	0.00512	0.00092	0.4542600	8	0.5055000	0.0283000	0.000144799000000	0.0107800	0.0130700	0.0323500	0.1080900	1.0370000	0.0367800	0.0620500	0.1006100	0.1103500	0.8998340	0.1471190	12.7300000	62.429	11.011
far_from_the_madding_crowd_01_-_description_of_farmer_oak--an_incident_It was not at the bird, nor at the cat; it was at an oblong package tied in paper, and lying between them.	6.40000	181.09700	187.81600	46.68700	594.43424	116.68500	502.66200	664	638	0.00537	0.00092	0.4058800	18	0.2532800	0.0270300	0.000145139000000	0.0120400	0.0118800	0.0361300	0.0973000	0.9510000	0.0387800	0.0550600	0.1021500	0.1163300	0.9045990	0.1344110	13.1360000	62.486	9.884
far_from_the_madding_crowd_01_-_description_of_farmer_oak--an_incident_She turned her head to learn if the waggoner were coming.	2.92000	180.43500	194.48800	58.66900	1017.06579	134.05700	498.40100	372	354	0.00525	0.00105	0.3005200	9	0.2188000	0.0297200	0.000155944000000	0.0140400	0.0127200	0.0421100	0.0932900	0.9140000	0.0342000	0.0529800	0.1058900	0.1026100	0.9021100	0.1417530	13.5110000	64.916	9.242
far_from_the_madding_crowd_01_-_description_of_farmer_oak--an_incident_He was not yet in sight; and her-eyes crept back to the package, her thoughts seeming to run upon what was inside it.	6.52000	178.64800	185.88700	41.98200	652.22350	125.75300	498.83000	644	615	0.00543	0.00091	0.4030000	24	0.3495600	0.0321400	0.000174391000000	0.0155600	0.0135100	0.0466900	0.1006800	0.9620000	0.0418200	0.0578500	0.1062300	0.1254700	0.8815110	0.1723350	11.8320000	64.261	8.377
far_from_the_madding_crowd_01_-_description_of_farmer_oak--an_incident_At length she drew the article into her lap, and untied the paper covering; a small swing looking-glass was disclosed, in which she proceeded to survey herself attentively.	9.32000	184.38900	190.65700	50.35900	819.11274	100.03300	496.38500	1071	1021	0.00527	0.00111	0.3607700	35	0.3605600	0.0317500	0.000167431000000	0.0137300	0.0143200	0.0411800	0.0910700	0.9090000	0.0353900	0.0527800	0.0950100	0.1061600	0.8833090	0.1729140	12.5500000	65.381	8.473
far_from_the_madding_crowd_01_-_description_of_farmer_oak--an_incident_She parted her lips and smiled.	3.24000	181.57900	182.74100	46.11500	865.22073	100.79800	493.85300	190	184	0.00547	0.00113	0.6363600	5	0.1959200	0.0401700	0.000219740000000	0.0193200	0.0149700	0.0579500	0.1028600	0.9760000	0.0410700	0.0580000	0.1099600	0.1232200	0.8913500	0.1568890	12.6090000	57.644	10.187
far_from_the_madding_crowd_01_-_description_of_farmer_oak--an_incident_It was a fine morning, and the sun lighted up to a scarlet glow the crimson jacket she wore, and painted a soft lustre upon her bright face and dark hair.	8.92000	179.84200	184.61900	32.82800	512.32960	125.78000	466.60500	943	909	0.00543	0.00081	0.3844900	27	0.2966400	0.0222200	0.000120742000000	0.0099000	0.0101500	0.0297000	0.0970600	0.9610000	0.0365000	0.0556200	0.0928600	0.1095100	0.9172730	0.1123240	14.1730000	64.390	9.533
far_from_the_madding_crowd_01_-_description_of_farmer_oak--an_incident_The myrtles, geraniums, and cactuses packed around her were fresh and green, and at such a leafless season they invested the whole concern of horses, waggon, furniture, and girl with a peculiar vernal charm.	11.64000	184.17300	181.74000	19.63300	353.76435	122.57000	245.11900	1340	1304	0.00550	0.00062	0.3363500	34	0.3817200	0.0237600	0.000130613000000	0.0106200	0.0110800	0.0318500	0.0856900	0.8470000	0.0327500	0.0451100	0.0827700	0.0982400	0.9198150	0.1125780	14.5800000	64.855	8.379
far_from_the_madding_crowd_01_-_description_of_farmer_oak--an_incident_What possessed her to indulge in such a performance in the sight of the sparrows, blackbirds, and unperceived farmer who were alone its spectators, , whether the smile began as a factitious one, to test her capacity in that art, , nobody knows; it ended certainly in a real smile.	15.96000	173.17200	180.04900	34.14700	542.62143	107.93200	483.65900	1695	1627	0.00558	0.00090	0.3600000	52	0.3995100	0.0278600	0.000155595000000	0.0120400	0.0115200	0.0361100	0.0925700	0.8950000	0.0337700	0.0487500	0.0916000	0.1013100	0.9009760	0.1409220	13.1480000	65.258	8.433
far_from_the_madding_crowd_01_-_description_of_farmer_oak--an_incident_She blushed at herself, and seeing her reflection blush, blushed the more.	5.52000	172.89000	176.94400	29.87600	473.09714	100.94200	447.24800	366	352	0.00568	0.00074	0.5879900	13	0.3074700	0.0296900	0.000168595000000	0.0134400	0.0141700	0.0403300	0.1126500	1.0630000	0.0429100	0.0669100	0.1139900	0.1287400	0.8870410	0.1661460	12.5440000	59.847	9.800
far_from_the_madding_crowd_01_-_description_of_farmer_oak--an_incident_The change from the customary spot and necessary occasion of such an act , from the dressing hour in a bedroom to a time of travelling out of doors , lent to the idle deed a novelty it did not intrinsically possess.	12.40000	177.37900	183.83000	30.36000	503.67384	103.98800	501.72000	1287	1237	0.00545	0.00081	0.3848500	40	0.3831600	0.0281000	0.000153101000000	0.0122400	0.0136000	0.0367100	0.0859700	0.8510000	0.0329400	0.0462400	0.0809700	0.0988100	0.8989440	0.1451410	13.0920000	65.297	8.467
far_from_the_madding_crowd_01_-_description_of_farmer_oak--an_incident_The picture was a delicate one.	1.92000	186.43500	207.80700	65.82400	983.54461	131.52500	489.82500	182	169	0.00487	0.00128	0.4150200	6	0.3043700	0.0417900	0.000203676000000	0.0185500	0.0193500	0.0556500	0.1488400	1.3480000	0.0466800	0.0788000	0.1325000	0.1400500	0.8356190	0.2619980	9.5060000	62.358	8.965
far_from_the_madding_crowd_01_-_description_of_farmer_oak--an_incident_Woman's prescriptive infirmity had stalked into the sunlight, which had clothed it in the freshness of an originality.	6.56000	170.80400	181.55900	25.25900	361.20432	138.47700	246.33700	575	555	0.00550	0.00076	0.4443200	18	0.3898800	0.0257300	0.000141628000000	0.0115100	0.0106400	0.0345400	0.0899700	0.8580000	0.0329100	0.0469600	0.0741500	0.0987400	0.9115640	0.1220080	13.7570000	62.938	9.401
far_from_the_madding_crowd_01_-_description_of_farmer_oak--an_incident_A cynical inference was irresistible by Gabriel Oak as he regarded the scene, generous though he fain would have been.	6.92000	170.83600	182.54400	42.18600	450.34438	123.79600	492.82900	734	703	0.00550	0.00099	0.3688800	23	0.3501300	0.0265400	0.000146037000000	0.0112500	0.0118800	0.0337600	0.0820500	0.8690000	0.0286500	0.0431200	0.0773000	0.0859600	0.9082490	0.1245990	13.3550000	65.345	9.468
far_from_the_madding_crowd_01_-_description_of_farmer_oak--an_incident_There was no necessity whatever for her looking in the glass.	3.28000	185.58800	188.46300	33.68500	516.80656	133.56400	444.44200	386	377	0.00532	0.00087	0.3087600	8	0.2148600	0.0243500	0.000129492000000	0.0104400	0.0107700	0.0313200	0.0762700	0.7660000	0.0264000	0.0406100	0.0856700	0.0792100	0.9300940	0.0963420	15.3360000	67.445	9.778
far_from_the_madding_crowd_01_-_description_of_farmer_oak--an_incident_She did not adjust her hat, or pat her hair, or press a dimple into shape, or do one thing to signify that any such intention had been her motive in taking up the glass.	10.00000	186.85300	187.72900	31.36400	445.51046	120.22900	460.03200	1094	1057	0.00535	0.00079	0.3774400	30	0.3534300	0.0297600	0.000159285000000	0.0139000	0.0137500	0.0417100	0.0936900	0.9010000	0.0348300	0.0496500	0.0893100	0.1045000	0.8980340	0.1511460	13.2110000	64.515	9.209
far_from_the_madding_crowd_01_-_description_of_farmer_oak--an_incident_She simply observed herself as a fair product of Nature in the feminine kind, her thoughts seeming to glide into far-off though likely dramas in which men would play a part , vistas of probable triumphs , the smiles being of a phase suggesting that hearts were imagined as lost and won.	16.24000	175.45300	180.56500	30.94600	481.26873	118.95200	497.63700	1769	1706	0.00555	0.00080	0.3695700	53	0.3375900	0.0274400	0.000152341000000	0.0123700	0.0119700	0.0371200	0.0929100	0.9120000	0.0356500	0.0509800	0.0875000	0.1069600	0.9003050	0.1455040	13.2430000	64.250	9.029
far_from_the_madding_crowd_01_-_description_of_farmer_oak--an_incident_Still, this was but conjecture, and the whole series of actions was so idly put forth as to make it rash to assert that intention had any part in them at all.	9.52000	172.35200	174.55500	22.59400	451.99615	102.71200	270.75500	853	820	0.00573	0.00075	0.4304900	28	0.3100900	0.0283700	0.000162660000000	0.0119900	0.0125100	0.0359700	0.1087000	1.0290000	0.0420200	0.0613000	0.1106900	0.1260500	0.8869860	0.1637570	11.9040000	63.072	9.145
far_from_the_madding_crowd_01_-_description_of_farmer_oak--an_incident_The waggoner's steps were heard returning.	2.16000	189.76500	195.52200	49.92000	735.21042	122.90300	478.49300	260	252	0.00510	0.00111	0.3157900	5	0.2438500	0.0255900	0.000130592000000	0.0098200	0.0114600	0.0294500	0.1047900	1.0610000	0.0301600	0.0519700	0.1224300	0.0904900	0.9227480	0.1031910	14.3050000	66.617	9.054
far_from_the_madding_crowd_01_-_description_of_farmer_oak--an_incident_She put the glass in the paper, and the whole again into its place.	4.44000	181.96300	181.85000	35.56900	425.63262	125.97700	494.42100	359	344	0.00550	0.00088	0.5093400	12	0.5531600	0.0309300	0.000170249000000	0.0141000	0.0145300	0.0423100	0.1000700	0.9700000	0.0377400	0.0534200	0.1019500	0.1132200	0.8891530	0.1513170	12.1520000	61.641	9.348
far_from_the_madding_crowd_01_-_description_of_farmer_oak--an_incident_When the waggon had passed on, Gabriel withdrew from his point of espial, and descending into the road, followed the vehicle to the turnpike-gate some way beyond the bottom of the hill, where the object of his contemplation now halted for the payment of toll.	13.96000	181.90600	186.79600	36.77600	611.97906	121.06900	492.30000	1621	1559	0.00539	0.00081	0.3202400	42	0.3293500	0.0256600	0.000138247000000	0.0117200	0.0122700	0.0351500	0.0975200	0.9370000	0.0376700	0.0560300	0.0976500	0.1130200	0.9062000	0.1344880	13.3270000	64.936	9.005
far_from_the_madding_crowd_01_-_description_of_farmer_oak--an_incident_About twenty steps still remained between him and the gate, when he heard a dispute.	4.64000	183.81600	202.04800	62.28200	803.03878	152.35700	484.84200	523	494	0.00506	0.00106	0.4081300	10	0.2095400	0.0247700	0.000125292000000	0.0112800	0.0124500	0.0338400	0.0895500	0.8660000	0.0351200	0.0473600	0.0804400	0.1053600	0.9162160	0.1243270	14.8070000	64.034	10.358
far_from_the_madding_crowd_01_-_description_of_farmer_oak--an_incident_lt was a difference con- cerning twopence between the persons with the waggon and the man at the toll-bar.	5.80000	182.88100	191.06200	38.70600	709.81673	102.28600	465.60400	552	529	0.00526	0.00096	0.4480500	18	0.2636500	0.0302300	0.000159094000000	0.0128900	0.0125700	0.0386700	0.1132200	1.0460000	0.0381900	0.0628900	0.1258300	0.1145800	0.9004230	0.1443980	12.6630000	61.753	10.014
far_from_the_madding_crowd_01_-_description_of_farmer_oak--an_incident_Mis'ess's niece is upon the top of the things, and she says that's enough that I've offered ye, you great miser, and she won't pay any more.	7.44000	170.17200	177.80000	34.34600	507.93151	126.81800	437.06900	757	724	0.00566	0.00088	0.3822000	27	0.3749000	0.0303200	0.000171597000000	0.0131600	0.0143100	0.0394700	0.0994300	1.0260000	0.0371600	0.0547300	0.1059800	0.1114800	0.8771200	0.1809800	11.8770000	63.485	8.563
far_from_the_madding_crowd_01_-_description_of_farmer_oak--an_incident_These were the waggoner's words.	1.68000	178.29400	188.22600	43.34800	585.56700	139.61600	490.36200	196	189	0.00540	0.00085	0.3303200	5	0.2492100	0.0224000	0.000121023000000	0.0102900	0.0120800	0.0308800	0.1136700	1.0690000	0.0358400	0.0616500	0.1236400	0.1075200	0.9043420	0.1301840	12.8850000	64.702	8.656
far_from_the_madding_crowd_01_-_description_of_farmer_oak--an_incident_Very well; then mis'ess's niece can't pass.	2.60000	192.37000	205.63100	52.90400	618.17406	162.99100	485.50500	253	240	0.00492	0.00089	0.4723000	7	0.3551900	0.0191600	0.000094358000000	0.0079500	0.0083800	0.0238400	0.0739300	0.7930000	0.0282900	0.0405000	0.0693000	0.0848600	0.9188120	0.1158250	15.6420000	63.228	11.997
far_from_the_madding_crowd_01_-_description_of_farmer_oak--an_incident_said the turnpike-keeper, closing the gate.	3.92000	162.31400	172.82900	40.07500	794.59599	126.45400	444.33900	222	209	0.00584	0.00112	0.6223500	9	0.2563200	0.0421400	0.000245981000000	0.0187400	0.0189800	0.0562300	0.1152000	1.1500000	0.0471700	0.0646200	0.1071800	0.1415200	0.8191750	0.2672320	8.1100000	57.142	9.662
far_from_the_madding_crowd_01_-_description_of_farmer_oak--an_incident_Oak looked from one to the other of the disputants, and fell into a reverie.	4.36000	179.28700	191.13500	51.81200	764.12845	100.64100	474.55200	476	452	0.00531	0.00107	0.3702400	17	0.2707600	0.0312200	0.000165669000000	0.0126600	0.0124600	0.0379700	0.1066100	1.0380000	0.0405300	0.0626700	0.1173000	0.1215900	0.8950850	0.1526400	12.4240000	63.704	9.528
far_from_the_madding_crowd_01_-_description_of_farmer_oak--an_incident_There was something in the tone of twopence remarkably insignificant.	3.88000	199.57200	205.11200	38.83100	633.49977	123.04900	454.64700	428	410	0.00489	0.00083	0.4299600	12	0.2301100	0.0305800	0.000149621000000	0.0131700	0.0142400	0.0395000	0.0894400	0.8650000	0.0324400	0.0506600	0.1013900	0.0973200	0.9001460	0.1461640	14.1890000	63.404	9.913
far_from_the_madding_crowd_01_-_description_of_farmer_oak--an_incident_Threepence had a definite value as money , it was an appreciable infringement on a day's wages, and, as such, a higgling matter; but twopence , " Here.	9.00000	174.59500	192.61100	53.97300	619.24011	116.35700	480.16400	982	939	0.00526	0.00114	0.3859600	26	0.4424800	0.0295200	0.000155162000000	0.0127700	0.0140400	0.0383100	0.0990400	1.0060000	0.0358600	0.0532500	0.1015100	0.1075900	0.8961130	0.1460100	12.5050000	63.998	9.539
far_from_the_madding_crowd_01_-_description_of_farmer_oak--an_incident_he said, stepping forward and handing twopence to the gatekeeper;	3.40000	174.38400	184.73300	41.16600	614.51905	139.21500	483.39600	333	317	0.00546	0.00091	0.3888900	10	0.3335900	0.0317300	0.000173196000000	0.0138400	0.0127200	0.0415100	0.1138500	1.0400000	0.0451500	0.0645100	0.1193300	0.1354500	0.8907890	0.1575530	12.5660000	63.863	8.976
far_from_the_madding_crowd_01_-_description_of_farmer_oak--an_incident_let the young woman pass.	1.92000	212.50200	214.91700	62.87500	947.88882	119.80000	487.14000	185	171	0.00481	0.00098	0.4624500	4	0.1633000	0.0190700	0.000091755000000	0.0079000	0.0075700	0.0237000	0.0691600	0.6810000	0.0237200	0.0366600	0.0696900	0.0711500	0.9067930	0.1338110	14.9550000	62.589	10.229
far_from_the_madding_crowd_01_-_description_of_farmer_oak--an_incident_He looked up at her then; she heard his words, and looked down.	4.56000	176.19900	178.73700	17.36700	330.35799	149.35000	246.99200	307	297	0.00562	0.00056	0.5735500	9	0.2662800	0.0283000	0.000159068000000	0.0132600	0.0133200	0.0397900	0.1144100	1.1270000	0.0430100	0.0645800	0.1132500	0.1290200	0.9028870	0.1361820	12.8300000	58.208	10.080
far_from_the_madding_crowd_01_-_description_of_farmer_oak--an_incident_Gabriel's features adhered throughout their form so exactly to the middle line between the beauty of St. John and the ugliness of Judas Iscariot, as represented in a window of the church he attended, that not a single lineament could be selected and called worthy either of distinction or notoriety.	14.84000	179.74700	185.39600	33.85600	487.73249	101.41500	482.65900	1921	1867	0.00541	0.00087	0.2698700	43	0.3085900	0.0266000	0.000144013000000	0.0125500	0.0126000	0.0376500	0.0929700	0.9410000	0.0333400	0.0493100	0.0949500	0.1000200	0.9108760	0.1264860	13.9570000	66.890	7.662
far_from_the_madding_crowd_01_-_description_of_farmer_oak--an_incident_The redjacketed and dark- haired maiden seemed to think so too, for she carelessly glanced over him, and told her man to drive on.	7.88000	174.44700	183.16000	41.02900	650.93117	132.55700	472.93600	857	824	0.00550	0.00094	0.3667600	21	0.2211900	0.0278200	0.000152922000000	0.0135600	0.0133200	0.0406800	0.1092800	1.0550000	0.0434700	0.0612400	0.1050500	0.1304200	0.9008140	0.1429100	12.7500000	63.846	9.491
far_from_the_madding_crowd_01_-_description_of_farmer_oak--an_incident_She might have looked her thanks to Gabriel on a minute scale, but she did not speak them; more probably she felt none, for in gaining her a passage he had lost her her point, and we know how women take a favour of that kind.	11.68000	183.01700	192.01900	47.41400	663.47839	101.98400	499.36600	1331	1279	0.00523	0.00098	0.3462000	33	0.3639900	0.0268700	0.000140550000000	0.0121500	0.0115300	0.0364400	0.0874900	0.8940000	0.0318900	0.0470700	0.0835800	0.0956700	0.9067150	0.1312720	13.5400000	65.275	9.378
far_from_the_madding_crowd_01_-_description_of_farmer_oak--an_incident_The gatekeeper surveyed the retreating vehicle.	3.44000	194.14900	196.18000	19.57400	424.25332	137.74000	248.17300	312	303	0.00511	0.00054	0.4967000	8	0.2259900	0.0252500	0.000129120000000	0.0098400	0.0104600	0.0295200	0.0858400	0.9170000	0.0227300	0.0394800	0.0970200	0.0681800	0.9208970	0.1103660	15.0360000	62.120	12.092
far_from_the_madding_crowd_01_-_description_of_farmer_oak--an_incident_That's a handsome maid" he said to Oak "But she has her faults.	4.12000	189.48900	197.10800	55.08400	685.87504	127.34100	478.25800	348	327	0.00510	0.00108	0.5073300	15	0.4726900	0.0320200	0.000163181000000	0.0145500	0.0139300	0.0436600	0.0949600	0.8980000	0.0389900	0.0538800	0.0979800	0.1169600	0.8704370	0.1937100	11.6260000	61.264	9.948
far_from_the_madding_crowd_01_-_description_of_farmer_oak--an_incident_said Gabriel.	0.52000	143.99100	153.55900	32.38800	402.42972	120.89100	211.56600	31	29	0.00666	0.00126	0.5000000	1	0.5227800	0.0455800	0.000303641000000	0.0241300	0.0234400	0.0724000	0.1842900	1.5630000	0.1004500	0.1032400	0.1770700	0.3013500	0.7785780	0.3257590	6.0740000	59.485	4.059
far_from_the_madding_crowd_01_-_description_of_farmer_oak--an_incident_True, farmer.	2.40000	186.78200	192.48800	33.91500	305.15536	134.96600	247.33900	41	39	0.00516	0.00093	0.8485800	1	0.1769000	0.0419800	0.000216609000000	0.0150000	0.0118200	0.0449900	0.1015600	1.1750000	0.0399000	0.0580700	0.0788300	0.1197000	0.8782390	0.1631350	11.3900000	51.958	7.909
far_from_the_madding_crowd_01_-_description_of_farmer_oak--an_incident_And the greatest of them is , well, what it is always.	3.24000	174.13800	182.57800	46.93500	516.81815	144.64600	497.39400	358	347	0.00554	0.00094	0.3613100	8	0.3484700	0.0363600	0.000201492000000	0.0188300	0.0170400	0.0564800	0.0996700	1.0080000	0.0349200	0.0517200	0.1173500	0.1047600	0.8842320	0.1786120	12.5160000	64.832	9.423
far_from_the_madding_crowd_01_-_description_of_farmer_oak--an_incident_Beating people down?	1.56000	193.80700	197.40800	14.08600	530.53240	156.70600	228.55100	126	122	0.00506	0.00041	0.5853700	2	0.0689100	0.0251900	0.000127523000000	0.0102300	0.0137600	0.0306900	0.0820700	0.7800000	0.0236200	0.0422000	0.1119000	0.0708500	0.9136560	0.1266950	14.6550000	58.613	12.955
far_from_the_madding_crowd_01_-_description_of_farmer_oak--an_incident_ay,	0.48000	186.70500	190.13500	20.48900	306.53317	162.12800	227.73900	63	61	0.00527	0.00057	0.2333300	1	0.2275500	0.0245000	0.000128979000000	0.0112400	0.0097300	0.0337100	0.0658600	0.7110000	0.0311400	0.0451200	0.0675100	0.0934300	0.9223140	0.1026890	13.1830000	67.664	5.387
far_from_the_madding_crowd_01_-_description_of_farmer_oak--an_incident_'tis so.	1.44000	179.32700	186.26500	26.74600	480.36998	144.88900	255.52100	56	52	0.00540	0.00081	0.7301600	2	0.1986700	0.0326000	0.000176082000000	0.0161200	0.0145200	0.0483500	0.1155800	0.9810000	0.0466300	0.0601300	0.1616800	0.1398800	0.8607080	0.1901170	9.8930000	57.155	9.253
far_from_the_madding_crowd_01_-_description_of_farmer_oak--an_incident_O no.	1.68000	166.47500	177.23100	33.39800	531.64945	130.06700	233.40800	81	80	0.00565	0.00107	0.7104100	0	0	0.0390600	0.000220706000000	0.0213900	0.0172800	0.0641700	0.0851200	0.8580000	0.0440200	0.0535800	0.0877000	0.1320700	0.8613780	0.2163580	10.6430000	52.246	10.180
far_from_the_madding_crowd_01_-_description_of_farmer_oak--an_incident_What, then?	1.76000	220.95200	190.61700	48.64100	601.06878	101.58900	239.97900	49	45	0.00525	0.00164	0.7878800	2	0.2182700	0.0251500	0.000132015000000	0.0092000	0.0092300	0.0276000	0.1010400	1.0860000	0.0332400	0.0528000	0.1736200	0.0997200	0.8497440	0.2002220	9.0610000	51.708	9.422
far_from_the_madding_crowd_01_-_description_of_farmer_oak--an_incident_Gabriel, perhaps a little piqued by the comely traveller's indifference, glanced back to where he had witnessed her performance over the hedge, and said,	10.84000	176.33800	181.38000	38.28500	459.96120	101.23100	499.42500	1017	980	0.00554	0.00085	0.4556200	25	0.4912000	0.0266400	0.000147629000000	0.0117600	0.0116800	0.0352700	0.0950000	0.9470000	0.0353200	0.0500800	0.0979100	0.1059700	0.9094830	0.1268310	13.3850000	62.025	11.152
far_from_the_madding_crowd_02_-_night--the_flock--an_interior--another_interior_A desolating wind wandered from the north over the hill whereon Oak had watched the yellow waggon and its occupant in the sunshine of a few days earlier.	9.96000	116.55800	120.13100	21.72200	201.59194	84.03600	285.45000	604	575	0.00837	0.00127	0.4823800	23	0.3280100	0.0204000	0.000170744000000	0.0084500	0.0098800	0.0253500	0.0963100	0.9600000	0.0365400	0.0478700	0.0939600	0.1096100	0.8496080	0.2124140	9.3700000	59.339	14.575
far_from_the_madding_crowd_02_-_night--the_flock--an_interior--another_interior_Norcombe Hill , not far from lonely Toller-Down , was one of the spots which suggest to a passer-by that he is in the presence of a shape approaching the indestructible as nearly as any to be found on earth.	15.08000	121.01300	127.97500	26.19300	176.09786	81.27400	210.85700	796	757	0.00782	0.00154	0.5754200	36	0.4976200	0.0226200	0.000177017000000	0.0079700	0.0096600	0.0239100	0.0994700	1.0020000	0.0350400	0.0524700	0.0880200	0.1051300	0.8485570	0.2139790	9.2080000	57.993	15.307
far_from_the_madding_crowd_02_-_night--the_flock--an_interior--another_interior_It was a featureless convexity of chalk and soil , an ordinary specimen of those smoothly-outlined protuber- ances of the globe which may remain undisturbed on some great day of confusion, when far grander heights and dizzy granite precipices topple down.	19.00000	118.63600	122.06300	19.76400	165.60329	85.95100	204.89700	1032	979	0.00822	0.00129	0.5508700	50	0.4547000	0.0225400	0.000185303000000	0.0087300	0.0102800	0.0261900	0.0897900	0.9270000	0.0313800	0.0468400	0.0877000	0.0941500	0.8516500	0.2117840	9.4190000	58.591	14.858
far_from_the_madding_crowd_02_-_night--the_flock--an_interior--another_interior_The hill was covered on its northern side by an ancient and decaying plantation of beeches, whose upper verge formed a line over the crest, fringing its arched curve against the sky, like a mane.	13.40000	119.54200	125.76400	27.59500	192.46819	85.34500	242.55900	820	786	0.00797	0.00159	0.4996300	33	0.5190700	0.0227200	0.000181020000000	0.0079700	0.0097700	0.0239000	0.0999300	1.0460000	0.0372000	0.0515200	0.0909700	0.1116000	0.8477210	0.2163880	9.1710000	59.988	13.480
far_from_the_madding_crowd_02_-_night--the_flock--an_interior--another_interior_To-night these trees sheltered the southern slope from the keenest blasts, which smote the wood and floundered through it with a sound as of grumbling, or gushed over its crowning boughs in a weakened moan.	15.88000	121.86900	126.91400	27.94300	206.11885	81.50500	293.32700	820	782	0.00791	0.00158	0.5892700	33	0.4068400	0.0240500	0.000190332000000	0.0092700	0.0107200	0.0278200	0.0908100	0.9560000	0.0328000	0.0455300	0.0838300	0.0984100	0.8549770	0.2080710	9.6000000	56.157	16.051
far_from_the_madding_crowd_02_-_night--the_flock--an_interior--another_interior_The dry leaves in the ditch simmered and boiled in the same breezes, a tongue of air occasionally ferreting out a few, and sending them spinning across the grass.	11.08000	118.69000	122.67800	20.94100	161.59025	89.36000	196.55100	618	591	0.00818	0.00135	0.5457000	26	0.5591500	0.0208200	0.000170275000000	0.0075500	0.0093700	0.0226500	0.0988300	0.9810000	0.0359400	0.0531400	0.1018100	0.1078100	0.8581030	0.1986490	9.5200000	58.213	15.727
far_from_the_madding_crowd_02_-_night--the_flock--an_interior--another_interior_A group or two of the latest in date amongst the dead multitude had remained till this very mid-winter time on the twigs which bore them and in falling rattled against the trunks with smart taps: Between this half-wooded, half naked hill, and the vague still horizon that its summit indistinctly com- manded, was a mysterious sheet of fathomless shade , the sounds from which suggested that what it con- cealed bore some reduced resemblance to features here.	34.80000	122.23300	127.74000	25.64800	161.39850	86.19600	270.04600	1752	1663	0.00784	0.00149	0.6025300	84	0.5767200	0.0245100	0.000192139000000	0.0089200	0.0104500	0.0267500	0.0927700	0.9640000	0.0322600	0.0480700	0.0961100	0.0967700	0.8456560	0.2261030	9.4940000	56.421	15.757
far_from_the_madding_crowd_02_-_night--the_flock--an_interior--another_interior_The thin grasses, more or less coating the hill, were touched by the wind in breezes of differing powers, and almost of differing natures , one rubbing the blades heavily, another raking them piercingly, another brushing them like a soft broom.	17.96000	116.25600	120.23500	20.22800	153.19592	74.95600	191.20500	941	897	0.00835	0.00135	0.5649700	40	0.4901000	0.0229100	0.000191295000000	0.0092700	0.0100300	0.0278000	0.1103600	1.0870000	0.0367100	0.0540500	0.0948200	0.1101200	0.8599500	0.2008900	9.8440000	56.094	15.747
far_from_the_madding_crowd_02_-_night--the_flock--an_interior--another_interior_The instinctive act of human- kind was to stand and listen, and learn how the trees to each other in the regular antiphonies of a cathedral choir; how hedges and other shapes to leeward them caught the note, lowering it to the tenderest sob; and how the hurrying gust then plunged into the south, to be heard no more.	28.16000	124.23700	127.40700	24.81400	182.93044	80.78700	270.80600	1554	1473	0.00786	0.00142	0.5563500	74	0.5032400	0.0220000	0.000172974000000	0.0078500	0.0092900	0.0235500	0.0945100	0.9750000	0.0360700	0.0482900	0.0862900	0.1082000	0.8491470	0.2181010	9.4940000	56.927	15.307
far_from_the_madding_crowd_02_-_night--the_flock--an_interior--another_interior_The sky was clear , remarkably clear , and the twinkling of all the stars seemed to be but throbs of one body, timed by a common pulse.	10.72000	127.48100	134.03900	31.67800	199.77695	88.18000	232.60800	573	548	0.00745	0.00167	0.5921400	22	0.4527200	0.0233200	0.000173864000000	0.0074100	0.0089000	0.0222200	0.0983000	1.0220000	0.0339400	0.0500200	0.0942000	0.1018200	0.8516540	0.2169650	9.7080000	56.008	16.921
far_from_the_madding_crowd_02_-_night--the_flock--an_interior--another_interior_The North Star was directly in the wind's eye, and since evening the Bear had swung round it outwardly to the east, till he was now at a right angle with the meridian.	11.68000	123.00600	127.97700	25.12400	177.72499	81.71200	232.07900	716	691	0.00783	0.00149	0.5073000	23	0.4215100	0.0226000	0.000176853000000	0.0086900	0.0107000	0.0260600	0.1018200	1.0010000	0.0383500	0.0564500	0.0979000	0.1150500	0.8618480	0.1932460	9.9700000	57.072	15.511
far_from_the_madding_crowd_02_-_night--the_flock--an_interior--another_interior_A difference of colour in the stars , oftener read of than seen in England-was really perceptible here.	7.76000	108.09600	123.99500	37.88100	312.74661	86.69600	297.32700	430	410	0.00806	0.00212	0.5562700	17	0.4137400	0.0278000	0.000224049000000	0.0097400	0.0115700	0.0292300	0.1171600	1.2070000	0.0420500	0.0631400	0.1247800	0.1261400	0.8176790	0.2725020	8.0870000	56.214	15.236
far_from_the_madding_crowd_02_-_night--the_flock--an_interior--another_interior_The sovereign brilliancy of Sirius pierced the eye with a steely glitter, the star called Capella was yellow, Aldebaran and Betelgueux shone with a fiery red.	10.96000	121.06200	126.93300	27.28000	256.65082	82.67700	275.48600	718	683	0.00788	0.00158	0.4785000	28	0.4934200	0.0215400	0.000169811000000	0.0064100	0.0076400	0.0192200	0.0919900	0.9330000	0.0317900	0.0460800	0.0865400	0.0953800	0.8479990	0.2210520	9.3340000	61.635	14.055
far_from_the_madding_crowd_02_-_night--the_flock--an_interior--another_interior_To persons standing alone on a hill during a clear midnight such as this, the roll of the world eastward is almost a palpable movement.	11.08000	122.55400	132.57200	32.21800	181.19361	82.11800	238.72800	564	542	0.00757	0.00173	0.6072400	21	0.3713900	0.0223600	0.000169144000000	0.0072600	0.0086700	0.0217900	0.0942300	0.9530000	0.0340600	0.0482000	0.0943600	0.1021900	0.8662940	0.1848340	10.0160000	55.894	16.318
far_from_the_madding_crowd_02_-_night--the_flock--an_interior--another_interior_The sensation may be caused by the panoramic glide of the stars past earthly objects, which is perceptible in a few minutes of still- ness, or by the better outlook upon space that a hill affords, or by the wind, or by the solitude; but whatever be its origin, the impression of riding along is vivid and abiding.	22.44000	128.25000	132.13600	29.24500	197.47917	81.62700	298.58000	1181	1115	0.00759	0.00164	0.5881300	60	0.5428900	0.0218800	0.000165987000000	0.0072300	0.0081000	0.0216800	0.0979900	1.0150000	0.0341800	0.0483200	0.0887000	0.1025500	0.8531690	0.2095950	9.7040000	58.080	15.427
far_from_the_madding_crowd_02_-_night--the_flock--an_interior--another_interior_The poetry of motion is a phrase much in use, and to enjoy the epic form of that gratification it is necessary to stand on a hill at a small hour of the night, and, having first expanded with a sense of differ- ence from the mass of civilised mankind, who are dreamwrapt and disregardful of all such proceedings at this time, long and quietly watch your stately progress through the stars.	27.20000	129.03000	133.31700	27.58300	184.00971	82.16800	280.16700	1576	1498	0.00752	0.00150	0.5572300	71	0.5027200	0.0226400	0.000170196000000	0.0077000	0.0094100	0.0230900	0.0930800	0.9510000	0.0318400	0.0460900	0.0756900	0.0955300	0.8521440	0.2103840	9.6520000	58.251	14.687
far_from_the_madding_crowd_02_-_night--the_flock--an_interior--another_interior_After such a nocturnal reconnoitre it is hard to get back to earth, and to believe that the consciousness of such majestic speeding is derived from a tiny human frame.	13.60000	118.30200	122.65700	22.81200	172.54882	82.87300	223.47000	581	547	0.00818	0.00147	0.6403800	31	0.4930200	0.0255100	0.000208547000000	0.0088800	0.0103500	0.0266300	0.1180900	1.1210000	0.0424100	0.0589700	0.0874700	0.1272300	0.8315280	0.2413090	8.5430000	54.880	14.835
far_from_the_madding_crowd_02_-_night--the_flock--an_interior--another_interior_Suddenly an unexpected series of sounds began to be heard in this place up against the sky.	6.88000	115.17900	123.42400	30.87000	218.44717	86.08500	230.02100	327	310	0.00812	0.00183	0.6160600	16	0.3958700	0.0277300	0.000225122000000	0.0098600	0.0126100	0.0295700	0.1099100	1.1140000	0.0392700	0.0542100	0.1006800	0.1178100	0.8269640	0.2445550	8.0790000	55.844	15.722
far_from_the_madding_crowd_02_-_night--the_flock--an_interior--another_interior_They had a clearness which was to be found nowhere in the wind, and a sequence which was to be found nowhere in nature.	8.72000	118.13700	132.78500	36.61100	260.50853	84.18000	298.87400	463	440	0.00759	0.00187	0.5926400	17	0.4126400	0.0294100	0.000223088000000	0.0108900	0.0124400	0.0326600	0.1113500	1.0920000	0.0413700	0.0560800	0.1001700	0.1241100	0.8421650	0.2292960	9.0470000	53.516	17.039
far_from_the_madding_crowd_02_-_night--the_flock--an_interior--another_interior_They were the notes of Farmer Oak's flute.	4.68000	135.71400	143.65200	30.84400	228.00679	100.86900	200.75900	155	147	0.00700	0.00156	0.7607800	5	0.2828200	0.0316500	0.000221694000000	0.0113600	0.0148200	0.0340700	0.1550900	1.3300000	0.0510500	0.0766000	0.2450500	0.1531500	0.8197810	0.2704600	8.2630000	49.769	15.912
far_from_the_madding_crowd_02_-_night--the_flock--an_interior--another_interior_The tune was not floating unhindered into the open air: it seemed muffled in some way, and was altogether too curtailed in power to spread high or wide.	10.12000	121.55500	134.92800	39.49200	283.70002	88.16800	278.67400	666	637	0.00743	0.00204	0.5014900	27	0.3960400	0.0260000	0.000193189000000	0.0099200	0.0116300	0.0297700	0.0944600	0.9560000	0.0318600	0.0464200	0.0748800	0.0955800	0.8457900	0.2181210	9.2090000	58.605	14.363
far_from_the_madding_crowd_02_-_night--the_flock--an_interior--another_interior_It came from the direction of a small dark object under the plantation hedge , a shepherd's hut , now presenting an outline to which an uninitiated person might have been puzzled to attach either meaning or use.	15.32000	123.20000	130.50200	28.49500	237.89173	89.11200	282.40800	768	722	0.00770	0.00154	0.5984300	42	0.5136600	0.0291600	0.000224412000000	0.0098600	0.0113500	0.0295700	0.1021000	0.9990000	0.0336100	0.0539700	0.1122100	0.1008200	0.8334310	0.2446470	8.8780000	56.419	15.173
far_from_the_madding_crowd_02_-_night--the_flock--an_interior--another_interior_The image as a whole was that of a small Noah's Ark on a small Ararat, allowing the traditionary outlines and general form of the Ark which are followed by toy- makers , and by these means are established in men's imaginations among their firmest, because earliest im- pressions , to pass as an approximate pattern.	20.20000	119.85200	126.07000	28.47700	226.18921	81.31200	299.29000	1131	1068	0.00794	0.00163	0.5483400	54	0.4969900	0.0259000	0.000205513000000	0.0094300	0.0111100	0.0282900	0.0970400	1.0050000	0.0362300	0.0519300	0.0859900	0.1087000	0.8335250	0.2473300	9.0910000	57.362	14.877
far_from_the_madding_crowd_02_-_night--the_flock--an_interior--another_interior_The hut stood on little wheels, which raised its floor about a foot from the ground.	6.32000	122.92500	125.30700	27.75400	233.11638	82.38700	217.49500	279	265	0.00802	0.00175	0.6248000	12	0.3925800	0.0296700	0.000237871000000	0.0095300	0.0103700	0.0285800	0.1097200	1.0570000	0.0347400	0.0541100	0.1107300	0.1042200	0.8519710	0.2112690	9.2910000	54.135	15.911
far_from_the_madding_crowd_02_-_night--the_flock--an_interior--another_interior_Such shepherds' huts are dragged into the fields when the lambing season comes on, to shelter the shepherd in his- enforced nightly attendance.	9.96000	118.54600	127.33600	29.66100	222.79692	88.21300	233.14300	439	412	0.00785	0.00167	0.6273900	25	0.4458700	0.0318200	0.000249876000000	0.0115400	0.0140900	0.0346200	0.1075800	1.0670000	0.0373500	0.0530700	0.0807500	0.1120500	0.8309960	0.2459340	8.6580000	55.632	15.354
far_from_the_madding_crowd_02_-_night--the_flock--an_interior--another_interior_It was only latterly that people had begun to call Gabriel "Farmer" Oak.	5.16000	117.20000	140.95100	49.14800	327.83196	87.65400	261.17400	276	262	0.00711	0.00229	0.6120900	11	0.3192500	0.0292300	0.000207702000000	0.0113000	0.0122400	0.0338900	0.1174700	1.1630000	0.0428700	0.0646500	0.1403800	0.1286000	0.8318150	0.2534090	8.6190000	53.499	16.781
far_from_the_madding_crowd_02_-_night--the_flock--an_interior--another_interior_During the twelvemonth pre- ceding this time he had been enabled by sustained efforts of industry and chronic good spirits to lease the small sheep farm of which Norcombe Hill was a portion, and stock it with two hundred sheep.	14.12000	127.08600	137.41000	35.52100	277.53090	84.59500	269.10200	812	761	0.00731	0.00178	0.5699100	44	0.5924300	0.0305200	0.000223005000000	0.0101700	0.0114600	0.0305000	0.0959200	0.9910000	0.0322000	0.0443100	0.0738700	0.0966100	0.8431130	0.2274690	9.3580000	59.224	14.213
far_from_the_madding_crowd_02_-_night--the_flock--an_interior--another_interior_Previously he had been a bailiff for a short time, and earlier still a shepherd only, having from his childhood assisted his father in tending the flocks of large proprietors, till old Gabriel sank to rest.	17.44000	117.66900	127.67300	28.25600	198.32698	83.29200	216.59900	772	736	0.00782	0.00169	0.6410100	33	0.4290600	0.0280400	0.000219358000000	0.0100000	0.0126300	0.0300000	0.0999700	1.0370000	0.0341400	0.0458400	0.0867800	0.1024200	0.8389140	0.2360280	9.0600000	52.965	16.501
far_from_the_madding_crowd_02_-_night--the_flock--an_interior--another_interior_This venture, unaided and alone, into the paths of farming as master and not as man, with an advance of sheep not yet paid for, was a critical juncture with Gabriel Oak, and he recognised his position clearly.	15.88000	119.33900	123.86500	27.89200	240.41249	75.76200	293.28400	820	768	0.00810	0.00166	0.5785500	45	0.4967800	0.0283300	0.000229560000000	0.0089800	0.0107400	0.0269500	0.0981100	1.0360000	0.0355800	0.0511100	0.0992900	0.1067400	0.8344670	0.2349200	8.6330000	55.327	15.398
far_from_the_madding_crowd_02_-_night--the_flock--an_interior--another_interior_The first movement in his new progress was the lambing of his ewes, and sheep having been his speciality from his "youth, he wisely refrained from deputing , the task of tending them at this season to a hireling or a novice.	15.08000	119.39100	124.25300	23.97900	193.73587	87.05800	227.15900	755	717	0.00806	0.00147	0.5940200	37	0.4323100	0.0248800	0.000200522000000	0.0082900	0.0090900	0.0248600	0.0919800	0.9510000	0.0329400	0.0463300	0.0770000	0.0988200	0.8552810	0.2064520	9.7520000	55.618	15.869
far_from_the_madding_crowd_02_-_night--the_flock--an_interior--another_interior_The wind continued to beat-about the corners of the hut, but the flute-playing ceased.	6.80000	117.15400	125.61600	28.78200	167.07890	89.06300	194.54600	221	205	0.00796	0.00174	0.7282100	14	0.4447800	0.0246400	0.000196111000000	0.0083300	0.0097100	0.0249900	0.1075900	1.1290000	0.0348000	0.0496900	0.0531500	0.1044000	0.8282240	0.2459750	8.7210000	51.207	16.583
far_from_the_madding_crowd_02_-_night--the_flock--an_interior--another_interior_A rectangular space of light appeared in the side of the hut, and in the opening the outline of Farmer Oak's figure.	8.28000	120.25900	133.47700	36.69500	273.76289	81.22100	286.96700	446	424	0.00748	0.00188	0.5939400	19	0.4145400	0.0289000	0.000216209000000	0.0100600	0.0117800	0.0301700	0.1073700	1.0880000	0.0351500	0.0600300	0.1342500	0.1054400	0.8266120	0.2430940	8.0730000	55.035	16.166
far_from_the_madding_crowd_02_-_night--the_flock--an_interior--another_interior_He carried a lantern in his hand, and closing the door behind him, came forward and busied himself about this nook of the field for nearly twenty minutes, the lantern light appear- ing and disappearing here and there, and brightening him or darkening him as he stood before or behind it.	19.64000	118.10600	124.69600	27.49000	219.82843	75.39600	281.09700	1060	1001	0.00804	0.00166	0.5594100	53	0.4492800	0.0269700	0.000216784000000	0.0095200	0.0110400	0.0285600	0.1012900	1.0140000	0.0351600	0.0509300	0.1002300	0.1054800	0.8398890	0.2327020	9.0180000	55.257	15.138
far_from_the_madding_crowd_02_-_night--the_flock--an_interior--another_interior_Oak's motions, though they had a quiet-energy, were slow, and their deliberateness accorded well with his occupation.	9.68000	123.42900	125.40800	28.08800	207.54935	86.07800	243.40200	436	410	0.00799	0.00163	0.6259100	23	0.4917700	0.0309500	0.000247462000000	0.0127700	0.0143300	0.0383100	0.1118700	1.0590000	0.0390000	0.0557500	0.1009400	0.1169900	0.8295670	0.2407720	8.2290000	52.367	16.399
far_from_the_madding_crowd_02_-_night--the_flock--an_interior--another_interior_Fitness being the basis of beauty, nobody could-have denied that his steady swings and turns" in and- about the flock had elements of grace, Yet, although if occasion demanded he could do or think a thing with as mercurial a dash as can the men of towns who are more to the manner born, his special power, morally, physically, and mentally, was static, owing little or nothing to momentum as a rule.	29.68000	121.82000	126.06400	26.30400	173.69496	87.33100	286.63900	1574	1498	0.00797	0.00148	0.5706600	64	0.5086600	0.0234500	0.000186795000000	0.0088000	0.0102600	0.0264000	0.0940700	0.9510000	0.0337600	0.0495900	0.0802300	0.1012700	0.8682570	0.1887020	10.6420000	55.314	15.680
far_from_the_madding_crowd_02_-_night--the_flock--an_interior--another_interior_A close examination of the ground hereabout, even by the wan starlight only, revealed how a portion of what would have been casually called a wild slope had been appropriated by Farmer Oak for his great purpose this winter.	16.00000	122.85600	131.04400	32.37900	221.72783	75.30600	257.76300	911	868	0.00764	0.00169	0.5635600	37	0.4465900	0.0254800	0.000194605000000	0.0085200	0.0098800	0.0255600	0.0929400	0.9160000	0.0322700	0.0481500	0.0927200	0.0968000	0.8588340	0.1982500	9.8240000	56.457	15.883
far_from_the_madding_crowd_02_-_night--the_flock--an_interior--another_interior_Detached hurdles thatched with straw were stuck into the ground at various scattered points, amid and under which the whitish forms of his meek ewes moved and rustled.	11.44000	114.59900	123.00300	27.62700	205.24870	84.89000	243.95200	602	570	0.00817	0.00164	0.5574100	30	0.4633000	0.0260000	0.000212358000000	0.0087500	0.0103500	0.0262600	0.1008200	0.9920000	0.0342800	0.0478600	0.0825500	0.1028500	0.8407420	0.2408650	9.4000000	59.295	13.025
far_from_the_madding_crowd_02_-_night--the_flock--an_interior--another_interior_The ring of the sheep-bell, which had been silent during his absence, recommenced, in tones that had more mellowness than clearness, owing to an increasing growth of surrounding wool.	12.08000	116.73100	122.95600	28.82900	194.99859	80.38500	248.84000	643	618	0.00813	0.00173	0.5593400	24	0.4524300	0.0261000	0.000212290000000	0.0090500	0.0106100	0.0271600	0.1070100	1.0960000	0.0341300	0.0507800	0.1075900	0.1023900	0.8681970	0.1811400	10.2350000	56.139	14.474
far_from_the_madding_crowd_02_-_night--the_flock--an_interior--another_interior_This continued till Oak withdrew again from the flock.	4.32000	114.13900	119.99600	27.50300	279.12005	92.06300	250.66000	183	171	0.00840	0.00163	0.6247100	10	0.3043400	0.0267800	0.000224940000000	0.0085400	0.0094700	0.0256300	0.1217100	1.1420000	0.0484500	0.0696500	0.1547900	0.1453600	0.8334700	0.2400300	8.6770000	53.236	15.715
far_from_the_madding_crowd_02_-_night--the_flock--an_interior--another_interior_He , returned to the hut, bringing in his arms a new-born lamb, consisting of four legs large enough for a full- grown sheep, united by a seemingly inconsiderable mem- brane about half the substance of the legs collectively, which constituted the animal's entire body just at present.	19.48000	125.14800	128.38300	26.44000	229.58689	83.10300	298.57400	1136	1079	0.00781	0.00145	0.5383000	51	0.4720400	0.0228800	0.000178804000000	0.0085300	0.0102700	0.0255900	0.0958100	0.9640000	0.0345400	0.0498800	0.0954900	0.1036100	0.8548130	0.2076990	9.7670000	58.410	14.652
far_from_the_madding_crowd_02_-_night--the_flock--an_interior--another_interior_The little speck of life he placed on a wisp of hay before the small stove, where a can of milk was simmer- ing.	6.96000	116.44100	122.11300	24.35300	175.63679	87.53500	210.64300	345	328	0.00820	0.00151	0.5800900	15	0.4067200	0.0250700	0.000205648000000	0.0097400	0.0118400	0.0292100	0.1156600	1.1390000	0.0389800	0.0639500	0.1020000	0.1169400	0.8397220	0.2388700	8.8370000	58.351	15.069
far_from_the_madding_crowd_02_-_night--the_flock--an_interior--another_interior_Oak extinguished the lantern by blowing into it and then pinching the snuff, the cot being lighted by a candle suspended by a twisted wire.	9.32000	119.92700	121.36800	19.69500	177.06023	86.20600	216.19400	459	431	0.00824	0.00128	0.5909600	24	0.6121200	0.0268900	0.000221576000000	0.0092600	0.0102600	0.0277700	0.1100400	1.0300000	0.0414400	0.0561400	0.0862900	0.1243100	0.8341230	0.2450710	8.8880000	56.935	15.042
far_from_the_madding_crowd_02_-_night--the_flock--an_interior--another_interior_A rather hard couch, formed of a few corn sacks thrown carelessly down, covered half the floor of this little habitation, and here the young man stretched himself along, loosened his woollen cravat, and closed his eyes.	16.96000	115.98800	122.38400	24.93200	193.57163	85.79500	269.64500	817	774	0.00822	0.00149	0.5953900	36	0.5189200	0.0238800	0.000196371000000	0.0083300	0.0094400	0.0249800	0.1041900	1.0240000	0.0387700	0.0534700	0.0955500	0.1163200	0.8430510	0.2288970	9.2570000	56.065	14.801
far_from_the_madding_crowd_02_-_night--the_flock--an_interior--another_interior_In about the time a person unaccustomed to bodily labour would have decided upon which side to lie, Farmer Oak was asleep.	8.80000	115.23500	118.20700	16.65200	157.54083	86.14500	174.20100	386	366	0.00849	0.00119	0.6305600	18	0.3899700	0.0255500	0.000216976000000	0.0089700	0.0122200	0.0269200	0.1036600	1.1350000	0.0403800	0.0572000	0.1231100	0.1211400	0.8194540	0.2616180	8.0200000	54.757	15.877
far_from_the_madding_crowd_02_-_night--the_flock--an_interior--another_interior_The inside of the hut, as it now presented itself, was cosy and alluring, and the scarlet handful of fire in addition to the candle, reflecting its own genial colour upon whatever it could reach, flung associations of enjoyment even over utensils and tools.	17.04000	117.66200	127.96800	32.06100	220.89363	85.60000	241.81100	1010	961	0.00782	0.00182	0.5279200	46	0.4613700	0.0268400	0.000209809000000	0.0097200	0.0116900	0.0291700	0.0953400	1.0220000	0.0320400	0.0498500	0.1013400	0.0961200	0.8393820	0.2391510	9.1810000	58.047	14.246
far_from_the_madding_crowd_02_-_night--the_flock--an_interior--another_interior_In the corner stood the sheep-crook, and along a shelf at one side were ranged bottles and canisters of the simple prepara- tions pertaining to bovine surgery and physic; spirits of wine, turpentine, tar, magnesia, ginger, and castor-oil being the chief.	17.24000	114.47500	121.58900	25.05600	210.90487	84.56100	203.96300	864	818	0.00822	0.00166	0.5764100	44	0.4949300	0.0244400	0.000200922000000	0.0080800	0.0092500	0.0242300	0.0970400	0.9840000	0.0335300	0.0523500	0.1109300	0.1005900	0.8530620	0.2078660	9.4790000	57.039	14.553
far_from_the_madding_crowd_02_-_night--the_flock--an_interior--another_interior_On a triangular shelf across the corner stood bread, bacon, cheese, and a cup for ale or cider, which was supplied from a flagon beneath.	9.32000	113.96900	117.90000	21.10100	188.71699	89.02400	204.02300	439	415	0.00848	0.00141	0.5888100	23	0.4506500	0.0264700	0.000224464000000	0.0093600	0.0099500	0.0280900	0.0933100	0.9170000	0.0325600	0.0460300	0.0816000	0.0976800	0.8483680	0.2149950	9.2360000	56.228	14.358
far_from_the_madding_crowd_02_-_night--the_flock--an_interior--another_interior_Beside the provisions lay the flute whose notes had lately been called forth by the lonely watcher to beguile a tedious hour.	8.20000	115.02000	122.68000	28.58200	266.58063	87.60600	298.81400	434	404	0.00821	0.00161	0.5740500	24	0.3687100	0.0274700	0.000225617000000	0.0112100	0.0128900	0.0336200	0.1107700	0.9970000	0.0375500	0.0558700	0.0941900	0.1126400	0.8324750	0.2526130	8.8750000	56.180	15.591
far_from_the_madding_crowd_02_-_night--the_flock--an_interior--another_interior_The house was ventilated by two round holes, like the lights of a ship's cabin, with wood slides- The lamb, revived by the warmth began to bleat" instant meaning, as expected sounds will.	18.04000	118.81400	124.52000	26.93700	180.43501	86.52600	295.27000	1017	965	0.00806	0.00156	0.5441400	45	0.5609800	0.0231400	0.000186410000000	0.0088200	0.0102900	0.0264600	0.0940200	0.9580000	0.0326900	0.0466600	0.0850000	0.0980700	0.8575980	0.2030630	10.0240000	56.544	15.609
far_from_the_madding_crowd_02_-_night--the_flock--an_interior--another_interior_Passing from the profoundest sleep to the most alert wakefulness with the same ease that had accompanied the reverse operation, he looked at his watch, found that the hour- hand had shifted again, put on his hat, took the lamb in his arms, and carried it into the darkness.	19.24000	121.06200	127.08200	23.10800	189.91893	89.58600	272.30800	938	888	0.00790	0.00136	0.6033300	46	0.4630900	0.0251400	0.000198653000000	0.0091200	0.0111800	0.0273600	0.0977100	0.9230000	0.0380100	0.0488800	0.0768100	0.1140400	0.8373620	0.2368910	8.9510000	55.864	15.283
far_from_the_madding_crowd_02_-_night--the_flock--an_interior--another_interior_After placing the little creature with its mother, he stood and carefully examined the sky, to ascertain the time of night from the altitudes of the stars.	10.48000	116.77900	122.34700	24.49800	201.74667	76.04400	220.48600	452	420	0.00823	0.00155	0.6344500	29	0.4742800	0.0275900	0.000226936000000	0.0095900	0.0111300	0.0287800	0.1104900	1.0140000	0.0389700	0.0587700	0.0964700	0.1169200	0.8176300	0.2640250	7.8270000	54.700	15.271
far_from_the_madding_crowd_02_-_night--the_flock--an_interior--another_interior_The Dog-star and Aldebaran, pointing to the restless Pleiades, were half-way up the Southern sky, and between them hung Orion, which gorgeous constellation never burnt more vividly than now, as it soared forth above the rim of the landscape.	17.08000	118.83800	121.99800	22.51100	167.79265	85.39400	242.94000	995	949	0.00822	0.00141	0.5225800	42	0.5398300	0.0239500	0.000196731000000	0.0087000	0.0101300	0.0261100	0.0929200	0.9270000	0.0355700	0.0467000	0.0862400	0.1067100	0.8537970	0.2078730	9.6010000	58.394	14.636
far_from_the_madding_crowd_02_-_night--the_flock--an_interior--another_interior_Castor and Pollux will the north-west; far away through the plantation Vega and Cassiopeia's chair stood daintily poised on the uppermost boughs.	20.08000	129.22900	128.82000	22.72700	185.29864	86.35800	294.99100	1143	1094	0.00777	0.00134	0.5566100	46	0.4674400	0.0226600	0.000176111000000	0.0090500	0.0102900	0.0271500	0.0956900	0.9450000	0.0323600	0.0499800	0.1001100	0.0970800	0.8594110	0.2008140	10.0460000	58.566	15.161
far_from_the_madding_crowd_02_-_night--the_flock--an_interior--another_interior_One o'clock.	1.16000	115.22600	113.12500	12.98400	245.85074	89.89100	133.85600	38	36	0.00887	0.00099	0.7053600	1	0.1022600	0.0315500	0.000279812000000	0.0097300	0.0150800	0.0291800	0.1229500	0.9240000	0.0704000	0.1097400	--undefined--	0.2112000	0.7642470	0.3691340	6.0300000	50.229	16.288
far_from_the_madding_crowd_02_-_night--the_flock--an_interior--another_interior_said Gabriel.	2.64000	98.29100	97.87800	4.09300	116.64723	89.20000	109.66100	37	34	0.01010	0.00066	0.8467400	2	0.0653100	0.0246800	0.000249171000000	0.0092200	0.0133200	0.0276600	0.1304400	1.3230000	0.0539100	0.0612000	--undefined--	0.1617400	0.8123600	0.2553100	6.9450000	39.872	11.572
far_from_the_madding_crowd_02_-_night--the_flock--an_interior--another_interior_Being a man not without a frequent consciousness that there was some charm in this life he led, he stood still after looking at the sky as a useful instrument, and regarded it in an appreciative spirit, as a work of art superlatively beautiful.	14.88000	122.44000	128.13500	30.07300	198.93445	81.27800	287.24600	878	829	0.00783	0.00165	0.5414100	43	0.5571500	0.0259800	0.000203535000000	0.0094400	0.0118100	0.0283100	0.1027700	1.0610000	0.0373700	0.0544300	0.1092700	0.1121200	0.8312400	0.2498680	8.8110000	59.245	14.267
far_from_the_madding_crowd_02_-_night--the_flock--an_interior--another_interior_For a moment he seemed impressed with the speaking loneliness of the scene, or rather with the complete abstraction from all its compass of the sights and sounds of man.	12.92000	121.66500	125.02100	22.17100	181.18421	92.12800	203.10800	566	536	0.00801	0.00138	0.6431300	27	0.4105600	0.0256200	0.000205305000000	0.0096900	0.0110100	0.0290700	0.0989700	1.0570000	0.0356300	0.0505900	0.0938000	0.1068800	0.8400480	0.2386400	9.4560000	54.938	16.120
far_from_the_madding_crowd_02_-_night--the_flock--an_interior--another_interior_Human shapes,interferences, troubles, and joys were all as if they were not, and there seemed to be on the shaded hemisphere of the globe no sentient being save himself; he could fancy them all gone round to the sunny side.	18.04000	124.45100	131.79400	30.92700	200.51668	82.98800	294.64100	947	902	0.00760	0.00166	0.5902300	38	0.4789000	0.0241100	0.000183288000000	0.0093800	0.0112400	0.0281500	0.0864400	0.9100000	0.0290300	0.0406300	0.0766200	0.0871000	0.8545070	0.2184040	10.4520000	55.797	16.502
far_from_the_madding_crowd_02_-_night--the_flock--an_interior--another_interior_Occupied this, with eyes stretched afar, Oak gradually per- ceived that what he had previously taken to be a star low down behind the outskirts of the plantation was in reality no such thing.	14.04000	116.27100	129.28600	36.02800	222.11395	81.24300	276.77800	724	681	0.00778	0.00192	0.5931500	37	0.5337900	0.0270100	0.000210089000000	0.0094000	0.0101300	0.0282000	0.0967200	0.8890000	0.0340100	0.0446000	0.0674100	0.1020300	0.8372500	0.2348530	8.7080000	56.759	14.892
far_from_the_madding_crowd_02_-_night--the_flock--an_interior--another_interior_It was an artificial light, almost close at hand.	3.04000	126.70000	132.58700	40.31900	406.29572	79.49500	291.57200	200	189	0.00758	0.00211	0.4950200	10	0.5055200	0.0302300	0.000229090000000	0.0100200	0.0118500	0.0300700	0.1172900	1.0530000	0.0402200	0.0586900	0.0705400	0.1206600	0.8205010	0.2546300	7.8870000	62.894	9.902
far_from_the_madding_crowd_02_-_night--the_flock--an_interior--another_interior_To find themselves utterly alone at night where company is desirable and expected makes some people fearful; but a case more trying by far to the nerves is to discover some mysterious companionship when intuition, sensation, memory, analogy, testimony, probability, induction , every kind of evidence in the logician's list , have united to persuade con- sciousness that it is quite in isolation.	28.92000	119.47500	132.31900	33.29400	220.94330	82.28000	287.24300	1512	1431	0.00756	0.00173	0.5970900	78	0.4872600	0.0281100	0.000212586000000	0.0106400	0.0127900	0.0319300	0.0978300	0.9500000	0.0361100	0.0507000	0.0856900	0.1083400	0.8388010	0.2310570	8.9390000	57.235	14.583
far_from_the_madding_crowd_02_-_night--the_flock--an_interior--another_interior_Farmer Oak went towards the plantation and pushed through its lower boughs to the windy side.	6.16000	115.34300	121.06200	29.21200	212.10307	82.26500	287.36900	323	307	0.00822	0.00178	0.5611700	14	0.3791300	0.0245800	0.000201933000000	0.0086400	0.0104500	0.0259300	0.1079700	1.0290000	0.0376200	0.0572900	0.1084900	0.1128600	0.8530030	0.2120850	9.6180000	57.963	14.328
far_from_the_madding_crowd_02_-_night--the_flock--an_interior--another_interior_A dim mass under the slope reminded him that a shed occupied a place here, the site being a cutting into the slope of the hill, so that at its back part the roof was almost level with the ground.	12.28000	119.63400	129.28100	30.70800	243.20605	85.04700	263.23300	626	588	0.00774	0.00172	0.5877600	37	0.5415400	0.0322100	0.000249405000000	0.0111600	0.0120400	0.0334700	0.0968600	0.9900000	0.0344600	0.0473800	0.0826800	0.1033700	0.8138640	0.2797490	8.0470000	57.806	14.657
far_from_the_madding_crowd_02_-_night--the_flock--an_interior--another_interior_In front it was formed of board nailed to posts and covered with tar as a preservative.	6.48000	113.19900	123.82800	32.12900	234.26574	91.94400	282.60700	342	320	0.00810	0.00168	0.5720900	18	0.4042700	0.0254400	0.000206054000000	0.0097400	0.0105100	0.0292100	0.1111400	1.0970000	0.0391900	0.0511000	0.1061800	0.1175700	0.8186090	0.2832270	8.5700000	57.898	14.360
far_from_the_madding_crowd_02_-_night--the_flock--an_interior--another_interior_Through crevices in the roof and side spread streaks and spots of light, a combination of which made the radiance that had attracted him.	8.44000	123.66400	131.80200	29.31300	255.25753	88.58500	216.42500	426	400	0.00762	0.00163	0.6099900	23	0.4368100	0.0318000	0.000242275000000	0.0106700	0.0126800	0.0320200	0.1047100	1.0270000	0.0365100	0.0483400	0.0875500	0.1095200	0.8200800	0.2682230	8.4680000	58.092	14.832
far_from_the_madding_crowd_02_-_night--the_flock--an_interior--another_interior_Oak stepped up behind, where,leaning down upon the roof and putting his eye close to a hole, he could see into the interior clearly.	10.20000	119.65500	126.84700	30.55200	245.24567	86.34200	240.40600	562	539	0.00790	0.00180	0.5526100	22	0.3866100	0.0252500	0.000199446000000	0.0082600	0.0084700	0.0247900	0.1055600	0.9620000	0.0360300	0.0538100	0.0953500	0.1081000	0.8456630	0.2146350	9.0010000	54.769	15.877
far_from_the_madding_crowd_02_-_night--the_flock--an_interior--another_interior_The place contained two women and two cows.	4.48000	121.32200	131.43800	36.15900	263.90875	81.66100	240.50000	189	179	0.00754	0.00200	0.6674200	9	0.3603800	0.0311700	0.000234999000000	0.0083600	0.0098800	0.0250700	0.1040200	1.0370000	0.0331300	0.0553600	0.0891700	0.0993900	0.8261790	0.2502610	8.4700000	50.390	16.884
far_from_the_madding_crowd_02_-_night--the_flock--an_interior--another_interior_By the side of the latter a steaming bran-mash stood in a bucket.	3.48000	118.67000	126.73100	30.05700	364.80453	88.46500	290.57700	250	238	0.00785	0.00171	0.4231900	10	0.4010200	0.0257800	0.000202316000000	0.0093400	0.0105800	0.0280100	0.1057700	1.0580000	0.0402400	0.0562600	0.1212000	0.1207100	0.8173830	0.2676150	8.2880000	64.779	8.006
far_from_the_madding_crowd_02_-_night--the_flock--an_interior--another_interior_One of the women was past middle age.	3.56000	120.27700	126.21800	27.68900	323.71841	87.79400	218.49100	145	140	0.00794	0.00159	0.6742200	4	0.0997600	0.0306900	0.000243787000000	0.0109100	0.0127300	0.0327200	0.1229000	1.1350000	0.0520100	0.0757100	0.1096300	0.1560400	0.8347400	0.2301410	8.2670000	48.816	17.078
far_from_the_madding_crowd_02_-_night--the_flock--an_interior--another_interior_Her companion was ap- parently young and graceful; he could form no decided opinion upon her looks, her position being almost beneath his eye, so that he saw her in a bird's-eye view, as Milton's Satan first saw Paradise.	15.76000	120.93900	130.54100	35.67700	218.40118	83.37100	249.38400	920	878	0.00765	0.00194	0.5378300	39	0.4770700	0.0261100	0.000199847000000	0.0096500	0.0112900	0.0289400	0.0938800	0.9850000	0.0302000	0.0481100	0.0950800	0.0905900	0.8484250	0.2174360	9.6300000	57.852	14.713
far_from_the_madding_crowd_02_-_night--the_flock--an_interior--another_interior_She wore no bonnet or het, but had enveloped her- self in a large cloak, which was carelessly flung over her head as a covering.	8.88000	130.31700	131.49900	25.40100	241.52075	86.76300	299.79200	435	413	0.00763	0.00141	0.5943500	19	0.3768700	0.0273700	0.000208831000000	0.0094700	0.0110400	0.0284100	0.0972200	0.9270000	0.0328700	0.0548700	0.1076100	0.0986100	0.8427420	0.2248070	9.5680000	55.570	16.755
far_from_the_madding_crowd_02_-_night--the_flock--an_interior--another_interior_There, now we'll go home,	1.76000	116.91800	127.50900	33.35200	353.03468	87.61600	228.13600	135	134	0.00788	0.00182	0.3930600	0	0	0.0215100	0.000169624000000	0.0060900	0.0089500	0.0182800	0.0722000	0.7700000	0.0343900	0.0391600	0.0624400	0.1031800	0.8714720	0.1659660	9.8080000	57.813	17.101
far_from_the_madding_crowd_02_-_night--the_flock--an_interior--another_interior_said the elder of the two, resting her knuckles upon her hips, and looking at their goings-on as a whole.	4.16000	109.35500	114.31300	30.85300	356.47708	88.24700	293.06800	314	296	0.00888	0.00156	0.3147700	13	0.3271400	0.0306000	0.000271854000000	0.0120300	0.0153500	0.0360800	0.1311700	1.2280000	0.0509800	0.0731200	0.1042700	0.1529300	0.8366940	0.2393230	8.9890000	64.219	6.559
far_from_the_madding_crowd_02_-_night--the_flock--an_interior--another_interior_I do hope Daisy will fetch round again now.	3.80000	137.60500	133.69700	28.74700	248.70141	89.46800	193.04000	201	195	0.00749	0.00166	0.6047700	5	0.1159900	0.0227900	0.000170727000000	0.0075400	0.0102200	0.0226300	0.0819900	0.9020000	0.0278300	0.0414500	0.0682800	0.0834800	0.8624260	0.1835230	9.3730000	54.089	17.214
far_from_the_madding_crowd_02_-_night--the_flock--an_interior--another_interior_I have never been more frightened in my life, but I don't mind break- ing my rest if she recovers.	6.68000	137.40400	146.98500	33.71200	224.30331	84.53200	235.86700	393	381	0.00680	0.00154	0.5954900	10	0.2534700	0.0268500	0.000182528000000	0.0111500	0.0134800	0.0334400	0.0727900	0.7870000	0.0241600	0.0366200	0.0806400	0.0724700	0.8552770	0.2050160	9.8150000	54.789	16.742
far_from_the_madding_crowd_02_-_night--the_flock--an_interior--another_interior_The young woman, whose eyelids were apparently inclined to fall together on the smallest provocation of silence,yawned in sympathy.	15.72000	112.44600	118.96500	23.15000	194.09061	75.86300	222.00700	782	743	0.00841	0.00147	0.5761600	38	0.4590900	0.0269500	0.000226740000000	0.0100200	0.0116000	0.0300700	0.1064700	1.0500000	0.0387000	0.0537600	0.1056600	0.1161100	0.8564010	0.2019010	9.7180000	57.377	13.779
far_from_the_madding_crowd_02_-_night--the_flock--an_interior--another_interior_I wish we were rich enough to pay a man to do these things,	3.04000	121.95400	128.80600	35.93700	233.28635	87.43000	269.89600	192	185	0.00774	0.00192	0.4817300	6	0.3553700	0.0211100	0.000163304000000	0.0068000	0.0080700	0.0204100	0.0804100	0.7990000	0.0312200	0.0423200	0.0914200	0.0936700	0.8835880	0.1518660	10.7340000	63.868	11.386
far_from_the_madding_crowd_02_-_night--the_flock--an_interior--another_interior_she said.	0.56000	105.91800	109.43900	13.49600	212.61958	93.19600	137.03900	30	28	0.00909	0.00115	0.5283000	1	0.2371000	0.0514600	0.000467610000000	0.0235800	0.0275100	0.0707500	0.1641000	1.2280000	0.0597400	0.1186100	0.0356600	0.1792300	0.7403520	0.4571930	5.1790000	59.314	5.964
far_from_the_madding_crowd_02_-_night--the_flock--an_interior--another_interior_As we are not, we must do them ourselves,	3.12000	137.41200	145.47900	32.12500	328.01844	95.05200	231.68300	169	164	0.00685	0.00144	0.6148900	3	0.1021000	0.0247600	0.000169643000000	0.0086100	0.0104800	0.0258400	0.0698000	0.8110000	0.0247100	0.0334500	0.0543300	0.0741200	0.8440200	0.2312620	9.6120000	52.559	18.742
far_from_the_madding_crowd_02_-_night--the_flock--an_interior--another_interior_said the other;	0.56000	101.19200	101.60500	6.89500	152.97459	88.13600	111.74600	36	34	0.00981	0.00082	0.3584900	1	0.1156900	0.0295300	0.000289767000000	0.0137200	0.0147700	0.0411700	0.0843300	0.9060000	0.0333900	0.0422900	0.1152400	0.1001800	0.7913240	0.3301450	7.2610000	62.004	5.076
far_from_the_madding_crowd_02_-_night--the_flock--an_interior--another_interior_for you must help me if you stay.	2.00000	116.07800	131.46200	35.71900	321.93217	82.80800	214.78100	143	140	0.00760	0.00201	0.4467000	2	0.1483800	0.0285800	0.000217271000000	0.0098900	0.0122500	0.0296600	0.0932900	0.9460000	0.0281100	0.0466100	0.1369300	0.0843200	0.8251570	0.2492880	8.2060000	59.029	15.346
far_from_the_madding_crowd_02_-_night--the_flock--an_interior--another_interior_Well, my hat is gone, however,	3.32000	167.41900	169.98400	39.49700	337.78281	110.68000	240.07200	222	217	0.00591	0.00140	0.5987800	3	0.0787900	0.0182300	0.000107771000000	0.0056600	0.0069500	0.0169800	0.0597800	0.7000000	0.0234500	0.0305600	0.0509300	0.0703500	0.8878310	0.1436510	10.7430000	54.198	17.233
far_from_the_madding_crowd_02_-_night--the_flock--an_interior--another_interior_continued the younger.	1.20000	103.26600	108.73500	13.07300	176.96849	92.22400	150.17100	71	68	0.00916	0.00103	0.4396600	2	0.1080000	0.0223500	0.000204814000000	0.0091100	0.0113900	0.0273300	0.1186100	1.1370000	0.0447800	0.0667200	0.1180100	0.1343500	0.8693030	0.1727180	9.9160000	58.508	6.754
far_from_the_madding_crowd_02_-_night--the_flock--an_interior--another_interior_It went over the hedge, I think.	2.76000	170.28000	164.14900	33.00300	395.31796	91.03500	226.38200	156	150	0.00611	0.00134	0.6446900	3	0.0690900	0.0258000	0.000157511000000	0.0095700	0.0110400	0.0287000	0.1029000	0.9880000	0.0366800	0.0524600	0.1121100	0.1100500	0.8191800	0.2604240	7.7680000	51.245	16.925
far_from_the_madding_crowd_02_-_night--the_flock--an_interior--another_interior_The idea of such a slight wind catching it.	2.40000	114.93900	130.15000	41.89200	186.65992	93.32400	233.93000	157	149	0.00769	0.00217	0.4830500	7	0.4393600	0.0266900	0.000205287000000	0.0108700	0.0118600	0.0326100	0.1443200	1.3270000	0.0613000	0.0866900	0.1631000	0.1839000	0.8273370	0.2464960	8.0450000	63.600	8.685
far_from_the_madding_crowd_02_-_night--the_flock--an_interior--another_interior_The cow standing erect was of the Devon breed, and was encased in a tight warm hide of rich Indian red, as absolutely uniform from eyes to tail as if the animal had been dipped in a dye of that colour, her long back being mathematically level.	17.32000	121.40100	127.49200	27.44400	225.97494	87.35200	282.67700	1062	1017	0.00786	0.00152	0.5089600	44	0.3981100	0.0276400	0.000217309000000	0.0103700	0.0121300	0.0311100	0.1055600	1.0280000	0.0390000	0.0578000	0.1145200	0.1170100	0.8387110	0.2339530	9.1350000	56.839	14.627
far_from_the_madding_crowd_02_-_night--the_flock--an_interior--another_interior_The other was spotted,grey and white.	3.36000	115.12100	119.30900	25.25600	342.72077	69.54100	221.16100	143	134	0.00840	0.00172	0.6276300	8	0.3240000	0.0291500	0.000244823000000	0.0094400	0.0082400	0.0283200	0.1174600	1.1360000	0.0481800	0.0652000	0.0990200	0.1445500	0.7950620	0.3082830	7.1970000	56.425	14.574
far_from_the_madding_crowd_02_-_night--the_flock--an_interior--another_interior_Beside her Oak now noticed a little calf about a day old, looking idiotically at the two women, which showed that it had not long been accustomed to the phenomenon of eyesight, and often turn- ing to the lantern, which it apparently mistook for the moon.	15.40000	121.46700	127.75800	29.26000	247.48330	82.52500	260.05200	958	912	0.00784	0.00168	0.5068300	45	0.4505800	0.0277300	0.000217336000000	0.0102500	0.0120400	0.0307500	0.0928200	0.9510000	0.0323900	0.0479900	0.0981500	0.0971700	0.8391530	0.2383510	9.3600000	58.941	14.032
far_from_the_madding_crowd_02_-_night--the_flock--an_interior--another_interior_inherited instinct having as yet had little time for correction by experience.	4.48000	123.50700	133.20300	38.61000	372.19094	89.16100	295.45300	307	283	0.00766	0.00182	0.4786500	16	0.4525500	0.0289400	0.000221568000000	0.0100200	0.0109200	0.0300700	0.1265400	1.1450000	0.0369200	0.0633400	0.1313900	0.1107700	0.8242810	0.2605080	8.4820000	61.625	9.835
far_from_the_madding_crowd_02_-_night--the_flock--an_interior--another_interior_Between the sheep and the cows Lucina had been busy on Norcombe hill lately.	5.80000	107.86400	121.22800	37.92600	283.00743	83.01100	233.54100	291	277	0.00824	0.00224	0.5753900	11	0.3141400	0.0306100	0.000252363000000	0.0103400	0.0116400	0.0310100	0.1026800	1.0090000	0.0304000	0.0466900	0.0828200	0.0912000	0.8422890	0.2197040	9.0470000	52.683	15.023
far_from_the_madding_crowd_02_-_night--the_flock--an_interior--another_interior_I think we had better send for some oatmeal,	5.32000	121.55800	133.36200	37.01400	270.95524	86.05500	223.94100	306	295	0.00750	0.00199	0.5727800	9	0.1568600	0.0295100	0.000221414000000	0.0123400	0.0140600	0.0370200	0.0961100	0.9900000	0.0283700	0.0432600	0.0756900	0.0851000	0.8487760	0.2216560	9.5010000	52.034	16.874
far_from_the_madding_crowd_02_-_night--the_flock--an_interior--another_interior_said the "Yes, aunt; and I'll ride over for it as soon as it is light.	5.04000	139.22900	142.05900	31.30100	206.11884	89.90000	278.36800	308	294	0.00709	0.00150	0.5688600	11	0.5509000	0.0217100	0.000153817000000	0.0075300	0.0091700	0.0226000	0.0787100	0.8500000	0.0269800	0.0373300	0.0671200	0.0809500	0.8520480	0.2136810	9.7810000	56.635	17.050
far_from_the_madding_crowd_02_-_night--the_flock--an_interior--another_interior_But there's no side-saddle.	2.24000	124.43400	147.54600	51.98200	498.32221	88.94800	251.86000	104	100	0.00683	0.00235	0.6787300	3	0.1365700	0.0342500	0.000233750000000	0.0093100	0.0124500	0.0279300	0.1143400	1.1870000	0.0325200	0.0500200	0.0924400	0.0975700	0.8140650	0.2830640	7.8070000	48.820	18.647
far_from_the_madding_crowd_02_-_night--the_flock--an_interior--another_interior_I can ride on the other: trust me.	4.16000	118.50300	138.27400	46.30000	386.83487	89.69200	247.86700	133	127	0.00724	0.00221	0.7651300	5	0.1215200	0.0310300	0.000224555000000	0.0089700	0.0106600	0.0269200	0.0916700	0.8900000	0.0385000	0.0524600	0.1054000	0.1155100	0.8266830	0.2402060	7.9480000	45.679	16.207
far_from_the_madding_crowd_02_-_night--the_flock--an_interior--another_interior_Oak, upon hearing these remarks, became more curious to observe her features, but this prospect being denied him by the hooding effect of the cloak, and by his aerial position, he felt himself drawing upon his fancy for their details.	14.60000	116.26000	128.08500	32.30100	225.69652	85.76600	233.82600	786	737	0.00784	0.00182	0.5792700	44	0.4977800	0.0281600	0.000220701000000	0.0112600	0.0133000	0.0337900	0.1041700	1.0160000	0.0425100	0.0542800	0.1024700	0.1275300	0.8042070	0.2937810	7.6570000	59.002	14.481
far_from_the_madding_crowd_02_-_night--the_flock--an_interior--another_interior_In making even horizontal and clear inspections we colour and mould according to the warts within us whatever our eyes bring in.	7.36000	129.08500	136.07900	36.42600	302.66707	85.39800	296.23900	627	599	0.00740	0.00183	0.3628900	20	0.3829700	0.0257100	0.000190299000000	0.0094300	0.0108700	0.0282800	0.0961100	0.9450000	0.0339100	0.0520000	0.1011500	0.1017300	0.8465250	0.2164560	9.5990000	63.945	11.161
far_from_the_madding_crowd_02_-_night--the_flock--an_interior--another_interior_Had Gabriel been able from the first to get a distinct view of her - countenance, his estimate of it as very handsome or slightly so would have been as his soul required a divinity at the moment or was ready supplied with one.	16.32000	115.61800	127.10100	30.82300	254.43863	86.58400	263.00500	908	861	0.00791	0.00174	0.5592400	40	0.3961300	0.0299100	0.000236563000000	0.0116100	0.0139600	0.0348200	0.1109900	1.1050000	0.0388300	0.0561500	0.1122700	0.1164800	0.8158880	0.2767800	8.2360000	56.167	16.389
far_from_the_madding_crowd_02_-_night--the_flock--an_interior--another_interior_Having for some time known the want of a satisfactory form to fill an increasing void within him, his position moreover affording the widest scope for his fancy, he painted her a beauty.	11.96000	119.74000	131.65400	34.37600	227.77254	91.97700	299.66000	721	680	0.00762	0.00172	0.5331100	34	0.5305200	0.0261200	0.000199111000000	0.0092200	0.0111900	0.0276700	0.0997800	1.0410000	0.0329400	0.0485900	0.0892900	0.0988300	0.8417970	0.2331770	9.4220000	59.359	14.479
far_from_the_madding_crowd_02_-_night--the_flock--an_interior--another_interior_By one of those whimsical coincidences in which Nature, like a busy mother, seems to spare a moment from her unremitting labours to turn and make her children smile, the girl now dropped the cloak, and forth tumbled ropes of black hair over a red jacket.	20.04000	115.84400	125.84900	28.93800	189.41803	84.25200	298.23800	1037	983	0.00796	0.00161	0.5817100	45	0.4031400	0.0236200	0.000187996000000	0.0088600	0.0102100	0.0265800	0.0983800	0.9950000	0.0357700	0.0478200	0.0754500	0.1073100	0.8562580	0.2068190	9.8290000	54.532	16.524
far_from_the_madding_crowd_02_-_night--the_flock--an_interior--another_interior_Oak knew her instantly as the heroine of the yellow waggon, myrtles, and looking-glass: prosily, as the woman who owed him twopence.	9.16000	117.81100	123.57200	32.15300	218.20942	80.16600	252.58900	537	513	0.00813	0.00186	0.5202600	21	0.5004400	0.0310200	0.000252147000000	0.0127000	0.0139700	0.0381100	0.1206300	1.1900000	0.0452200	0.0644100	0.1335200	0.1356600	0.8261500	0.2500740	8.4980000	56.844	14.798
far_from_the_madding_crowd_02_-_night--the_flock--an_interior--another_interior_They placed the calf beside its mother again, took up the lantern, and went out, the light sinking down the hill till it was no more than a nebula.	10.28000	115.56500	120.77500	22.58700	162.15718	82.58500	227.91700	526	502	0.00829	0.00141	0.5697600	22	0.3755100	0.0241400	0.000200156000000	0.0104000	0.0128300	0.0312100	0.1069300	1.0120000	0.0414400	0.0567800	0.0786800	0.1243200	0.8483610	0.2142680	9.7540000	54.876	16.405
